UNIQUE_IDS,Outdegrees,Indegrees
4198141815,18,9
319470544,1,0
15695900,1,0
2996538266,1,0
8.19E+17,3,0
52319005,1,1
3248691361,1,1
7.56E+17,10,0
517107950,1,0
9.17E+17,5,0
1891898588,2,1
8.03E+17,3,0
20910548,1,0
7.13E+17,8,0
1190389285,6,1
9.12E+17,6,0
7.95E+17,1,0
52471840,2,0
20794392,1,1
8.73E+17,7,0
1107577458,1,0
7.75E+17,3,0
1149255859,1,0
9.21E+17,7,0
299017753,1,0
9.00E+17,6,0
519985383,13,4
22516468,1,0
9.26E+17,3,0
242595690,2,0
366169443,1,0
361919460,1,1
9.04E+17,3,0
270576976,1,0
47160115,1,1
3132514522,2,2
8.07E+17,7,0
7.84E+17,1,0
7.16E+17,3,0
106555553,1,0
46584257,4,1
155681266,1,0
2411290603,3,3
81463069,1,0
1398515984,1,0
2738046367,13,3
9955312,1,1
22403315,1,0
9.03E+17,4,0
1694222593,1,2
2827131879,2,0
502437694,1,0
376618837,1,1
7.71E+17,8,0
160968221,4,0
434557914,1,0
8.80E+17,13,0
1081513452,1,1
3741126736,1,2
225943521,2,0
467768464,2,4
8.86E+17,7,0
463603357,1,0
1921622546,1,0
886331,1,0
1948039580,1,0
243901010,1,0
623941478,1,0
13857342,3,5
1374693066,1,1
247873824,1,0
8.53E+17,6,0
2854061819,2,0
75584719,1,0
354441547,1,0
7.94E+17,6,0
9.14E+17,6,0
9.27E+17,14,0
2828503477,1,1
387805000,3,4
4571328341,3,12
2833719035,3,1
20965586,2,2
7.69E+17,3,0
1906598546,1,0
17479408,1,0
8.23E+17,3,0
3092038863,1,1
9.25E+17,4,0
80800433,2,0
993543378,3,0
8883212,1,0
3311705779,3,3
402347790,1,0
45861294,1,0
4076391,1,0
2810864653,11,5
2351889769,2,0
3710675052,2,0
601425440,4,1
28597450,6,2
2774188688,2,1
708200704,1,0
8.41E+17,3,0
7.82E+17,2,0
34083622,1,0
4747910603,1,0
197042544,2,0
379053169,1,0
7.62E+17,3,0
1927483722,1,0
9.05E+17,2,0
8.98E+17,10,0
193698236,6,3
95532423,2,1
13185872,1,0
5444412,1,1
9.16E+17,5,0
1102317907,2,2
1209641563,1,0
8.72E+17,7,0
76377195,1,1
2810395514,4,0
89765059,4,6
25483958,3,2
16710197,1,0
9.20E+17,8,0
2617692338,2,0
3352406494,4,0
2541223472,4,3
2814040284,20,21
1554468102,1,0
17092219,1,0
487039635,2,1
8.74E+17,4,0
3044949722,4,4
4191974301,6,1
2311435027,3,0
1635572390,1,2
1574402593,1,0
2858665159,20,10
2917840342,1,0
7.17E+17,7,0
289438636,1,1
14132265,1,0
7.44E+17,4,0
734197130,2,0
1949272500,10,2
263442273,1,1
2838256043,1,0
8.04E+17,4,0
164349995,31,5
28917852,1,0
3402210893,1,1
111167436,7,1
7.06E+17,3,0
15597375,1,0
2839493257,2,0
54902588,1,0
8.35E+17,1,0
27049695,2,1
2274042164,1,0
2951963678,3,55
9.11E+17,8,0
7.64E+17,8,0
2829039293,6,5
17480934,1,0
47155605,1,1
45309395,1,0
254742760,1,0
1149694885,1,0
3219836438,1,0
16106584,6,82
996957625,2,2
7.41E+17,3,0
527654411,1,0
9.15E+17,8,0
283043739,1,2
606357050,1,0
547670327,1,0
16267395,5,3
3235860921,1,0
7.59E+17,6,0
92149322,1,0
2391634459,1,1
3430919644,1,0
9.18E+17,8,0
21135142,1,0
66814589,1,1
7.74E+17,1,0
28088585,1,0
1908857197,1,0
115151962,1,0
308881240,2,2
2767148298,1,0
14299885,4,2
16364644,1,0
281431213,7,3
16841066,2,0
2871006265,5,2
22002953,1,0
488911358,1,0
2864633105,1,0
2243877547,1,4
2790105439,2,1
393756935,22,23
4330691608,3,2
9.09E+17,6,0
9.02E+17,8,0
8.02E+17,4,0
177052107,1,3
4165773914,6,5
733469154,1,0
552688679,1,0
2887629187,2,1
7.39E+17,4,0
2901809481,1,1
3536963279,1,0
2305353847,1,1
192000027,1,0
106785598,1,1
2838143051,1,0
264766887,1,0
412384946,2,3
2457172872,5,0
814661857,1,0
269816591,1,0
182692702,2,0
64678757,1,0
1166107657,2,0
8.09E+17,1,0
24785389,1,2
207323983,1,0
7.05E+17,5,0
426525328,7,3
3025349309,1,0
1410554492,1,0
8.55E+17,2,0
569482666,1,0
2423425960,1,4
8.27E+17,4,0
87750148,1,0
4839141805,1,0
1000078238,1,1
1151060460,1,1
175958307,1,1
3422978644,5,2
8.00E+17,2,0
400917051,1,0
471283906,1,0
2322768194,1,0
9.22E+17,4,0
16686475,1,0
1110309750,1,0
737104831,1,1
547249905,1,1
1875937398,2,0
26579139,2,1
17398320,1,2
43754642,1,4
2300869279,1,0
34705390,1,1
45721910,2,2
2523246653,1,0
218245143,1,0
2796417967,2,2
439235982,1,0
112614146,4,11
1359055698,1,0
326118600,1,0
1686448148,1,0
7.97E+17,12,0
7.08E+17,21,0
942340093,2,0
2841780763,1,0
18880970,1,1
20959178,1,1
3532553837,1,1
2835290290,1,0
2693394814,2,0
4833889217,1,0
946849243,1,0
42345999,4,27
2571977750,2,4
8.16E+17,2,0
3116145481,2,0
2830746763,3,1
590785241,1,0
605201251,1,0
4253666414,1,1
195858236,5,0
3070406514,3,1
891986648,1,0
1166762024,1,0
8.47E+17,5,0
15035654,2,0
2715747409,1,0
3670075457,1,0
33691132,1,1
8.83E+17,5,0
8.42E+17,7,0
7.93E+17,4,0
14835528,1,0
7.72E+17,2,0
1184220842,1,1
8.32E+17,7,0
427616106,1,0
17844548,1,0
8.33E+17,9,0
909450656,3,3
14995633,1,1
3829135103,1,0
2778280431,4,0
3190471032,1,0
8038532,1,1
343600277,1,1
8.70E+17,12,0
17097703,1,0
2975073528,4,0
7.55E+17,6,0
29155260,1,1
91268492,1,0
8.91E+17,4,0
8.37E+17,4,0
8.63E+17,3,0
184310053,1,0
3091596568,1,0
8.84E+17,5,0
2846136124,4,3
3106787658,2,4
9.10E+17,3,0
4429531393,7,6
20397734,1,0
8.75E+17,3,0
1578314317,1,1
212636771,1,0
8.96E+17,4,0
4032375982,1,1
61512352,2,0
19217369,1,7
3107789626,2,2
8.81E+17,5,0
801745064,1,1
2663856654,1,1
3270512030,1,0
3795286092,1,0
2896596373,1,0
3362765434,1,0
8.93E+17,2,0
2321698795,6,10
198687436,1,0
27577576,1,17
930376591,2,1
18252291,2,1
2610981608,1,1
15412328,1,0
3350426764,1,0
81976754,1,1
1327092974,1,0
7.25E+17,2,0
2833820049,1,0
1231914007,1,0
289741323,1,2
2512973712,1,0
8.54E+17,6,0
194248178,2,0
31062489,1,1
2272550041,1,4
496388723,1,0
226873959,1,0
159226004,1,0
8.76E+17,4,0
2811434719,1,0
102600230,1,1
4214916976,1,0
30958678,1,1
9.13E+17,12,0
2327598245,1,0
3826069372,1,1
9.08E+17,3,0
1247873534,1,0
7.28E+17,4,0
2345495018,1,0
175472962,3,0
2208135154,1,0
4253636897,1,0
1104637219,1,1
306307786,1,0
4716938490,4,5
1705225754,1,1
117615372,1,0
4641344609,1,1
1480412432,3,0
272269416,1,0
34629487,1,0
281877818,1,3
906936578,1,0
177977500,1,0
3717610816,1,0
8.52E+17,2,0
8.92E+17,6,0
7.86E+17,2,0
1544528599,1,0
21114693,1,1
2272138994,3,0
14168196,2,0
16102815,1,1
395608255,1,0
2497064084,3,0
7.32E+17,1,0
1293377058,1,1
7.37E+17,2,0
2189179524,3,0
3455934808,1,0
8.67E+17,7,0
9.01E+17,2,0
8.14E+17,4,0
329531410,1,0
20456716,1,0
30342264,1,0
7.57E+17,4,0
470043382,1,0
2767843313,1,0
2571342366,2,6
7.40E+17,3,0
414528899,1,0
14467170,2,1
1023562501,1,1
906365126,1,0
50573579,1,0
9.19E+17,5,0
498270659,1,1
11462742,1,0
3245567998,1,0
15427412,1,0
2870315974,2,1
1120637424,1,0
2313872880,2,2
1343521758,1,0
327063041,1,0
4852057059,1,2
120922686,1,1
46864848,1,0
299302538,2,1
20037702,1,1
3010312991,5,3
8.12E+17,2,0
8.48E+17,8,0
7.18E+17,1,0
2550636080,1,1
390941970,3,3
15538456,1,0
1468379197,1,0
7.49E+17,2,0
402423366,1,0
2368500437,2,0
8.30E+17,7,0
13419902,1,0
3252863095,1,0
374227012,8,1
439718090,1,0
222912657,1,0
285925478,1,0
1700487464,1,0
139547683,2,1
2398721012,2,0
35653,2,1
15281517,2,2
619415928,1,0
20735369,1,1
1611995112,4,2
8.59E+17,3,0
746578496,1,1
269535116,1,0
24205315,1,0
510782248,4,4
233009777,1,0
492172594,1,1
3023487461,2,0
215508074,7,7
2663990558,2,2
8.18E+17,6,0
37913112,1,1
195039843,1,0
361999207,1,0
436046160,1,0
348477358,1,0
36066624,1,0
262861537,3,2
7.66E+17,2,0
1163578796,1,0
4264195704,1,0
3382046777,1,0
38306826,1,0
2891807243,1,0
2565791769,1,0
8.94E+17,5,0
163632348,1,0
2825031026,1,1
2810611336,7,5
3243623863,1,1
50074999,2,0
55098315,1,0
8.22E+17,3,0
33540385,1,0
23866855,1,0
8.44E+17,6,0
83339474,1,4
2848826986,1,0
33996870,1,0
2349149214,1,1
8.89E+17,3,0
3019039904,1,1
2905627583,1,1
992330448,1,0
14563484,1,0
7.47E+17,1,0
14407767,1,1
248590801,1,0
596680323,1,1
259492037,1,0
8.68E+17,4,0
2889984516,2,7
7.09E+17,1,0
2376855856,1,0
8.43E+17,1,0
3288926470,1,0
7.89E+17,3,0
8.25E+17,5,0
2661453643,1,0
477002167,1,1
32677335,5,3
8.38E+17,2,0
2652297992,1,0
2659960381,1,0
2241247909,1,0
3227843065,1,0
14119853,2,0
1881470028,1,0
8.77E+17,3,0
27434852,2,0
8.78E+17,1,0
3048214336,1,0
732763,1,0
478993024,1,1
20693,1,0
114875939,1,1
631606072,5,3
1900588969,2,0
98617389,1,1
8.05E+17,6,0
274294204,1,2
9.23E+17,6,0
142709459,2,0
8.36E+17,5,0
4638271638,1,0
20833775,1,0
16084074,1,3
3124506583,3,0
112767933,1,0
2331199484,3,1
864090907,2,0
3040368190,1,0
2187662275,2,0
1534002102,1,0
252643801,1,1
773895002,1,0
834419623,1,0
2593706066,13,2
7.45E+17,1,0
540160989,1,0
19157383,1,0
3322773492,1,0
2943060805,1,0
3193731648,1,0
14667729,1,0
388063820,1,0
122050135,1,1
603813065,1,0
353463122,1,1
229841284,6,7
1869365360,1,0
8252602,1,0
92376180,1,0
114584062,1,0
2402890705,2,1
14941817,2,0
1922243665,1,0
253597942,1,0
2592522606,2,1
1419966026,1,0
382474923,2,0
8.58E+17,2,0
89239946,1,1
3368349226,1,0
7.48E+17,1,0
1054306639,1,0
1000678674,1,0
519246509,1,0
95506280,2,1
8499732,1,0
2355244596,6,0
8.26E+17,7,0
8.65E+17,3,0
292440657,1,0
707841024,1,0
544321302,1,1
305433319,4,1
2586377694,1,2
237572596,1,0
2575007515,2,0
8.20E+17,4,0
909113317,1,0
1158473863,1,0
3405591291,1,0
172082238,1,0
8.15E+17,2,0
866937038,1,5
909460368,6,3
21063394,1,0
8.21E+17,6,0
634338292,3,0
2564414675,2,0
1615788481,1,0
793453176,1,0
2440647629,1,1
61062008,1,0
3290118289,1,0
4174522154,1,0
540379337,1,0
1958752104,1,0
2586934003,1,0
299158008,1,1
186533773,1,1
188414672,2,0
312503188,3,2
2239306808,4,0
7.02E+17,1,0
4861943671,1,0
331418800,1,0
4127500633,2,1
2984463587,1,0
1563611642,4,2
2167929986,1,0
2307192068,1,0
59080395,1,0
58946675,1,0
444534532,2,0
3306492116,1,0
16787257,1,0
16734517,1,0
2794782427,1,0
8.69E+17,1,0
151348322,2,0
1458908486,1,1
7.78E+17,1,0
7.85E+17,3,0
3885858613,1,0
3484459758,1,0
316904219,1,1
87554706,1,0
14587109,1,1
3138449127,2,0
1387190622,1,0
11595372,1,0
9.24E+17,7,0
607532355,1,1
160015142,1,0
3409899201,1,1
748016857,1,0
607243942,1,0
2474023578,2,6
4559127852,1,1
4478727253,1,1
7.58E+17,1,0
1240535120,1,0
168717945,1,1
2841652475,2,1
8.99E+17,3,0
4526517257,1,2
2602501218,2,0
3226914947,1,0
39836456,1,0
280727266,1,1
4449537796,1,0
4837363272,1,0
614912734,1,0
4427538260,1,0
45281719,1,2
265727223,1,0
1653677132,1,1
300489029,1,0
21449974,2,0
58830662,1,0
56044863,2,2
3044714145,1,0
7.91E+17,4,0
487094457,3,0
18262508,3,1
88545686,1,0
3084972398,1,0
200918966,1,0
1524887035,1,0
265123993,1,1
17787711,1,0
71000830,1,2
8.71E+17,2,0
2822300431,1,0
2980735349,1,0
106921908,1,0
3277906244,1,0
282646318,3,0
3304390810,1,1
324632087,1,0
86442557,1,0
14643806,1,0
5526332,2,2
3742798042,3,1
2464206528,2,0
72921705,1,0
936981026,4,10
14155052,3,17
1606732370,1,1
2959200639,1,0
18716201,1,1
16886835,1,1
319534713,1,0
2973346066,1,0
2368475342,1,0
1912225345,1,0
2974750750,2,2
4658741901,1,1
932092225,1,1
76181029,3,13
175232452,1,0
432677873,1,0
15313645,1,0
70466918,1,1
404489561,5,2
3271904619,1,1
4612304957,1,0
2790763692,2,2
328917493,4,0
3005943187,4,1
161163433,2,5
522522699,1,0
19015287,1,1
99587821,2,2
2877074690,2,0
1037908046,1,0
2757793657,2,1
7.20E+17,3,0
256182493,1,0
6788312,1,0
8.10E+17,2,0
408686208,1,0
16321474,1,0
301784687,1,0
267634630,1,0
51266230,6,1
163522127,1,1
1717036381,2,2
429523010,1,6
2772798101,1,0
236999820,2,0
524817828,1,0
3131037341,1,0
3072040987,2,0
190516402,1,0
2274342984,1,0
159029953,1,0
2158342332,2,0
2576044315,1,0
349474275,1,1
2508354913,1,0
3345895211,1,1
3617510720,1,1
8.08E+17,5,0
2900417861,1,0
1604502066,1,1
1547012486,1,1
3291922358,1,1
1423235066,1,0
223304261,1,0
3305845775,1,3
2533245223,2,0
48725900,1,0
2492551465,1,0
14794357,1,0
757698930,1,0
1889011345,1,0
14836662,1,0
2663556464,1,0
8.28E+17,5,0
3391423107,4,0
57677984,1,0
441251850,1,1
235739862,2,0
251512062,3,0
26025129,1,1
372078673,1,1
109640315,1,2
469086244,1,0
302932701,1,1
2359880569,1,0
568690375,1,0
3417281,1,0
865452426,1,0
4662420975,1,0
2852724185,2,0
35975592,1,0
598064110,2,0
1178882917,1,1
3166107756,2,1
265592480,1,0
43007858,1,1
2782394828,1,0
2837497140,1,0
2950999113,1,0
44217622,1,0
8.79E+17,4,0
2573502541,1,0
7.61E+17,2,0
298329790,1,1
3412057409,1,1
3403753307,5,1
3063436536,1,0
1486614217,1,0
2164014962,1,0
324243377,1,0
1575861367,4,0
385844173,4,0
1563643716,1,0
2189492365,2,0
366256329,1,0
254138797,1,0
2963992696,1,0
8.66E+17,3,0
3186883325,1,0
47064527,1,0
18692815,3,0
321048380,1,1
2706423577,2,1
14898855,1,1
50892034,1,1
34853,1,1
4811090693,2,0
66361438,1,1
469539739,1,0
1100999599,2,1
4625939480,1,0
533954747,1,0
3882726629,2,0
3072770230,1,0
2248885669,1,0
50792401,1,0
1494095148,1,1
8.64E+17,2,0
2386648014,1,0
2447506808,1,0
21853734,2,0
228661663,2,4
4228839565,3,4
3387199420,1,0
3908347578,1,0
2605915484,1,1
357142859,1,1
7.15E+17,2,0
2374449186,7,7
62304775,1,0
2274183680,1,0
217163243,1,1
2367687707,1,0
2104,1,1
3311767356,1,0
2785301571,1,0
2799207292,1,0
14438352,2,0
166046149,1,1
7.81E+17,1,0
151899265,1,0
24469899,1,1
4697968778,1,0
104364150,1,0
4870919417,1,0
1078616966,1,0
29504110,1,0
27085849,1,2
16196401,1,1
628773508,1,1
23209598,1,0
3139125287,1,0
269131395,1,0
2900013880,1,0
17344033,1,1
8.56E+17,3,0
2798508452,1,0
60637762,1,0
1337916584,1,1
482264475,1,0
2745353948,1,0
16457364,1,0
17886742,1,1
4207386559,1,0
7.53E+17,1,0
3316305037,1,0
2757898723,1,0
64145294,2,1
116347255,2,0
40129419,1,1
1265769998,1,0
3074643279,1,0
7.54E+17,1,0
93702505,1,0
22319310,1,0
904513656,1,0
3160561052,1,1
23046474,1,3
3297102393,1,0
7.60E+17,1,0
1149692724,1,0
381091598,1,1
1877252898,1,0
2897907727,1,1
119815139,1,0
1563464372,3,2
3223001693,1,0
3562421,1,2
753994880,1,0
3302937423,1,0
125365358,1,0
344209049,1,0
7.87E+17,2,0
2739495449,1,0
733803,1,0
2745739767,2,0
158815850,1,1
1545093056,1,1
29372998,2,2
7.35E+17,2,0
849653762,1,0
2350941501,1,0
1536600704,1,2
360969812,1,2
1296254912,2,3
1629667927,1,1
325949439,2,0
3419850585,1,1
18497395,1,0
564130687,1,0
313341692,1,0
2457511662,1,0
2294992634,1,0
196404316,1,0
99348139,1,0
2793066487,26,27
2927813462,1,1
16563147,1,1
471377703,1,0
2942926391,5,0
3255856068,1,0
439267102,2,0
979693926,1,0
2804329145,1,0
2983883508,2,0
3400703591,1,0
74405951,1,0
81946510,1,0
8.90E+17,3,0
22493135,1,2
1089808014,1,0
3018053592,1,0
251865403,1,0
3362754372,1,0
4443451756,1,0
3242171726,1,0
2904814125,1,0
352101645,1,0
9352242,1,1
55050779,1,1
7.22E+17,3,0
2842094181,2,1
55312926,1,1
3047253051,1,0
1197037934,1,1
7.14E+17,2,0
6131952,1,0
1979084718,1,0
8.29E+17,3,0
2596659379,1,1
2882688474,2,1
1684625450,6,7
35039044,2,2
2904870923,1,0
1173601844,1,0
8.85E+17,1,0
89286461,2,0
8.88E+17,3,0
7.68E+17,1,0
132043751,1,0
1194589159,1,0
2530819766,1,0
105055218,1,1
33356148,1,0
3094810701,1,0
591707827,1,0
201290607,3,0
248111082,1,0
562277996,1,0
121853848,1,0
22420008,1,0
2273832222,1,0
3151312570,1,1
1363448052,3,1
15402816,1,1
962789539,1,2
2738477151,1,1
50938371,2,0
3769026868,2,0
563318843,1,0
2425120992,1,0
466344377,1,0
9.06E+17,4,0
4263764172,1,0
7.73E+17,2,0
874247498,1,0
3018803003,3,0
2842214520,2,0
28954941,1,3
7.26E+17,2,0
2740936898,1,1
419367459,1,1
8.51E+17,3,0
2240470061,2,1
1541096257,1,0
7.83E+17,1,0
83765450,1,0
7.34E+17,4,0
22166232,2,0
7901102,1,0
8.95E+17,2,0
89159258,1,0
1619065728,1,0
18076440,2,2
2393620658,1,0
2958178009,1,1
369741860,1,0
17956471,1,0
2785446020,2,0
8.87E+17,1,0
1963376288,1,0
1252271881,1,0
349937583,1,0
3000319694,1,1
1037766170,1,0
3221957964,1,3
277845600,1,0
4862611007,7,0
62063303,1,0
863954665,1,0
3027120779,1,0
952899468,2,0
19313066,1,2
240946410,1,1
17028578,1,0
207638718,1,0
17998926,1,0
1355174486,1,0
67879486,1,0
3112342244,1,1
23931804,3,1
3438573839,1,0
47319241,1,0
386816937,1,0
2837685803,1,0
557563,1,2
4423997592,1,0
1651858110,1,1
55883048,1,0
7.76E+17,1,0
274109065,1,1
3552850516,1,0
8.57E+17,1,0
1149600259,1,0
279359839,1,0
119545012,1,0
47064235,1,0
274109576,4,1
28544480,1,0
7.31E+17,1,0
2959191198,1,0
1177304034,1,0
3366147743,1,0
37935185,1,0
3432944113,1,0
2413467890,1,0
289845383,1,0
209189571,1,1
3457078040,1,0
624958794,1,0
928614380,1,0
78233414,1,0
25136621,1,0
35231502,3,5
2840106155,1,0
1061799661,1,0
8.50E+17,2,0
35565544,1,1
7.12E+17,1,0
3246079228,1,0
46331074,1,1
36760760,3,1
279897935,1,0
181721442,1,0
3351297111,2,1
7.63E+17,2,0
18531766,1,0
7.30E+17,2,0
208078027,1,0
1574004006,1,0
1430957773,2,0
23423005,1,1
64131711,1,0
296596887,1,0
702487108,1,0
2409118926,1,0
2416448082,1,0
1525744884,1,0
3029122823,2,1
2484299220,1,0
2919854896,1,0
113098434,1,0
2563502107,1,0
318069041,1,0
14203895,1,0
282100848,1,0
1442814872,1,0
3404287505,1,0
1869951139,1,0
443823461,2,0
3001528310,1,0
3137072504,1,0
7.43E+17,1,0
7.50E+17,3,0
3306319892,1,1
3204713968,1,0
8.31E+17,1,0
348228781,1,0
252025290,1,0
1063797278,1,0
2210422501,1,0
985563240,1,0
293470702,1,0
78810716,1,1
576409642,1,0
4226957373,1,0
394690813,1,0
2766054930,5,0
2990890175,1,0
47598991,1,0
1235258041,1,1
8.60E+17,1,0
8.34E+17,1,0
486013148,1,1
2521161222,2,0
3423429441,1,0
3257409882,1,1
532727261,1,0
176621299,1,0
2430747229,1,2
59093625,1,0
81773138,1,0
8.24E+17,1,0
2854052726,1,0
134931500,1,2
381038525,1,0
3157262446,1,0
72145083,1,0
53159161,1,0
4503491,1,0
20263854,1,1
8.49E+17,1,0
308953674,1,0
14836648,1,0
41167751,1,0
2291565794,1,0
3387511983,2,0
2677927273,2,3
2779621147,1,0
3094232415,1,0
205833362,3,2
294236607,1,1
14301286,1,1
1239875396,3,0
1556628348,1,0
191816087,1,0
7.90E+17,1,0
3027913952,1,0
1262818855,1,0
21122332,1,0
20776597,1,1
114605310,1,0
40841522,1,0
7.80E+17,1,0
396607221,1,0
1960743260,1,0
251041787,1,0
105970593,1,0
4118568983,1,0
379000801,1,0
3310972141,1,0
2603407614,1,0
159382802,2,0
8.82E+17,1,0
4867030325,1,0
3264386295,1,0
3425279217,1,0
3033614371,2,0
198779440,3,4
2889015638,1,1
7.38E+17,2,0
95697038,1,1
20160570,1,1
1030024322,3,2
898899733,1,0
352702634,1,0
291420544,1,0
25246758,1,0
1053060308,1,1
1486744616,1,0
3367907675,1,0
29368528,1,0
7.33E+17,1,0
197984281,1,0
7.42E+17,1,0
3409001615,1,0
4846792027,1,0
1560285210,2,0
3063615107,1,2
4861215785,1,1
4218790817,1,1
3438641261,1,0
4884088424,1,0
7.65E+17,1,0
16068522,1,0
7.23E+17,1,0
757169850,1,1
7.27E+17,1,0
3962688377,1,0
474609984,1,0
105525757,1,1
2331344983,1,0
1614176431,1,0
2418706076,1,1
394886322,1,0
1242998150,1,0
3230388598,1,0
3146777341,1,0
1158414818,1,1
7.88E+17,2,0
321301250,1,0
974304685,1,0
3348028324,1,0
3071554640,1,0
2388365300,1,0
3713505432,1,0
720775608,1,0
70816425,1,0
119027883,1,0
396873563,1,0
46581397,1,0
3367683683,2,1
2844058193,1,0
3932513296,1,1
3232185336,1,0
225071374,1,0
58282687,1,0
2423373294,1,1
3069212246,1,0
289712461,1,0
1291941146,1,1
2405403886,1,0
755387431,1,1
7.01E+17,1,0
49334220,1,0
15634664,2,0
2877481450,1,1
116373042,1,0
1452849596,1,0
2171905896,1,0
2753249806,2,1
2156128286,1,1
15070269,1,6
1864358582,2,2
2741144210,1,0
31295344,1,0
1491094638,1,0
1518239904,3,0
22540035,1,1
633917851,1,0
2986931200,1,1
2316998004,1,0
1589373283,1,0
55388433,3,1
15644361,1,1
446573378,1,1
2650452864,1,1
260555178,1,0
414141288,1,1
54666674,1,8
829465538,1,0
2388947027,3,1
1633760636,1,0
3115862648,1,1
825807648,1,0
2557992329,1,0
2412949434,2,0
4821118661,2,0
18523202,3,0
385383693,1,0
3150613879,1,0
3832388953,1,1
389001829,1,0
915714204,1,0
2933311775,1,0
93949976,1,0
117966709,4,1
3087712642,1,0
250271998,1,0
2203308966,1,0
715106384,1,0
58879383,1,1
3000368468,1,0
3864934637,1,0
2313983850,1,0
354889002,1,0
762433496,1,0
153215361,1,0
1268612959,1,0
2878078698,1,0
4854462551,1,0
2457668076,1,0
199678444,1,0
7.11E+17,1,0
32349677,1,0
235532018,1,0
126284939,1,0
14823491,1,0
7.04E+17,1,0
4861760542,1,0
20445606,1,0
3137835203,1,0
1665499566,1,0
57037902,1,0
1722795805,1,0
416333586,1,0
158562734,1,0
2354049518,1,0
1170961266,1,0
4822663241,1,1
319011115,1,0
1687001383,1,0
3357318537,3,2
17088060,3,3
19884251,1,0
19507726,1,0
3398294206,1,1
1552573890,1,0
3379175200,1,0
4871476249,1,0
17264476,1,9
4303181,1,1
48110911,1,0
1014712328,1,0
3035382864,1,0
35796746,1,0
19574238,1,0
8.06E+17,1,0
3119354603,1,0
106340678,1,0
709786405,1,0
7.45E+17,0,1
8.36E+17,0,1
594594161,0,8
598601483,0,2
3409241693,0,1
7.36E+17,0,1
759251,0,1
247723476,0,1
8.85E+17,0,1
17614726,0,1
74391488,0,1
7.14E+17,0,1
457984599,0,4
1055867238,0,1
9.10E+17,0,1
8.19E+17,0,1
9.21E+17,0,2
188898153,0,1
4320850636,0,1
1044241,0,1
368646080,0,1
8.81E+17,0,1
8.07E+17,0,9
7.84E+17,0,1
7.21E+17,0,1
280379781,0,1
1276068319,0,1
7.63E+17,0,1
8.53E+17,0,1
7.45E+17,0,1
7.35E+17,0,1
4615975653,0,1
272759604,0,1
20860653,0,1
2314993522,0,1
2740290107,0,1
7.71E+17,0,5
1478689148,0,1
358545917,0,3
9.03E+17,0,1
8.86E+17,0,2
2252382708,0,1
4517565515,0,1
8.43E+17,0,1
2838178444,0,1
980611,0,1
754775250,0,1
37478462,0,1
1704900283,0,1
47455112,0,1
7.69E+17,0,1
869511486,0,1
4731645692,0,1
296283869,0,1
14118948,0,2
4852565297,0,1
8.80E+17,0,4
7.50E+17,0,1
3562121415,0,2
8787912,0,1
182370042,0,1
65974890,0,6
2499819697,0,1
8.93E+17,0,1
22629170,0,1
14745740,0,3
16906660,0,8
5988062,0,2
96658445,0,1
7.32E+17,0,1
726682363,0,1
7.39E+17,0,21
19351599,0,1
192230195,0,1
9.11E+17,0,1
116388363,0,2
2323516586,0,1
169060711,0,1
9.27E+17,0,3
75692320,0,1
88001676,0,14
2743896218,0,1
8.74E+17,0,1
29292341,0,1
9.17E+17,0,1
1713794778,0,1
7.17E+17,0,3
15661871,0,1
7.44E+17,0,1
3436365886,0,1
1053548948,0,1
2425232592,0,1
278665338,0,1
108155579,0,1
7.64E+17,0,3
2202152632,0,3
8.89E+17,0,2
56768257,0,106
7.48E+17,0,1
7.68E+17,0,2
2718198130,0,1
517004655,0,1
2343922427,0,1
4721661615,0,1
14591218,0,1
190357821,0,1
7.59E+17,0,4
2399017345,0,1
2896835628,0,1
8.06E+17,0,8
69373980,0,1
19643874,0,1
7.60E+17,0,30
29971417,0,2
18195553,0,1
359174241,0,1
8.04E+17,0,2
2845913776,0,1
126171202,0,1
43378629,0,1
2458721665,0,1
14260960,0,1
8.93E+17,0,1
27000730,0,1
3091766863,0,1
594175899,0,1
8.98E+17,0,1
9.27E+17,0,4
3071076953,0,1
613899472,0,1
945450367,0,1
238055499,0,1
424806929,0,10
21268897,0,1
604940737,0,9
3413756493,0,1
8.55E+17,0,1
38021361,0,1
5402612,0,1
14173315,0,24
25073877,0,2
5715752,0,1
8.73E+17,0,3
51590580,0,1
91470339,0,1
4240850893,0,1
128730616,0,1
1294741,0,1
1598830746,0,2
486039063,0,1
269199676,0,1
7.20E+17,0,1
14377605,0,1
2488096033,0,5
211855168,0,1
47475039,0,2
16076032,0,1
2891322910,0,1
3410350325,0,1
18643437,0,7
478687097,0,1
207778228,0,1
555661926,0,1
26029878,0,1
15009761,0,4
8.01E+17,0,1
2927250157,0,2
3254796819,0,1
7.53E+17,0,1
301445034,0,1
236981019,0,1
14237828,0,2
8.63E+17,0,1
114684274,0,1
148487300,0,1
7.93E+17,0,2
22040252,0,1
7.72E+17,0,1
15369857,0,1
1135011900,0,1
427619040,0,1
3723342375,0,1
118764942,0,1
3849184163,0,1
393885443,0,1
310590377,0,1
9.07E+17,0,6
7.98E+17,0,1
8.91E+17,0,1
223160443,0,1
7.06E+17,0,1
8.84E+17,0,3
8.29E+17,0,2
7.71E+17,0,52
7.17E+17,0,1
9.13E+17,0,13
8119452,0,1
14902339,0,1
4726207589,0,1
7.79E+17,0,1
456905460,0,1
1852899224,0,1
85686980,0,2
9.02E+17,0,2
3095056821,0,1
65260792,0,1
28265608,0,2
525658038,0,1
190441781,0,1
983582880,0,1
8.04E+17,0,1
304798916,0,1
7.08E+17,0,1
2259122479,0,1
7.44E+17,0,2
3071892465,0,1
154221292,0,1
7.01E+17,0,3
4095057792,0,1
1730223295,0,1
2319408132,0,1
3253153189,0,1
8.88E+17,0,1
8.65E+17,0,1
1730499012,0,1
2793536181,0,1
1483064670,0,1
8.52E+17,0,1
2322866384,0,1
8.21E+17,0,1
18573485,0,1
248306279,0,1
1187330941,0,1
9.26E+17,0,1
8.78E+17,0,8
7.13E+17,0,4
8.92E+17,0,1
16459325,0,1
127955093,0,1
9.03E+17,0,3
166240143,0,3
8.66E+17,0,1
14059411,0,1
7.14E+17,0,1
9.26E+17,0,1
8.98E+17,0,2
586357338,0,1
2913722920,0,1
7.75E+17,0,1
287492573,0,1
563015011,0,1
2915897287,0,1
238674647,0,1
8.11E+17,0,1
811389079,0,1
1645794463,0,1
78724476,0,4
9.19E+17,0,1
27869564,0,1
4124503756,0,2
18710668,0,1
2148747698,0,1
8.73E+17,0,1
8.12E+17,0,1
364814717,0,1
23570363,0,1
7.49E+17,0,4
9.05E+17,0,1
4565284153,0,1
8.33E+17,0,4
1465481,0,1
8.87E+17,0,1
2955460223,0,3
4562262263,0,1
82435291,0,1
27938182,0,1
9.18E+17,0,1
1969254588,0,1
8.19E+17,0,1
409212875,0,1
4726147296,0,1
8.20E+17,0,1
43380811,0,2
150455885,0,1
7.17E+17,0,2
2221019857,0,1
3284606599,0,1
828086198,0,2
7.23E+17,0,1
7.63E+17,0,1
25694156,0,1
26585095,0,3
9.09E+17,0,1
7.33E+17,0,1
8.18E+17,0,1
496974569,0,1
9.17E+17,0,7
7.64E+17,0,1
2986302887,0,1
19084896,0,1
16719435,0,1
2877151045,0,2
2836421,0,3
258161837,0,1
27315988,0,1
260572528,0,1
8.04E+17,0,1
8.42E+17,0,1
951938959,0,1
1733467884,0,3
7.19E+17,0,2
8.90E+17,0,1
27553611,0,1
2479085623,0,1
965069406,0,1
1113067399,0,1
539589780,0,1
39344374,0,3
47630337,0,1
777010404,0,1
29210791,0,1
8.79E+17,0,1
3688700362,0,1
277563120,0,1
8.22E+17,0,1
8.68E+17,0,1
1385975335,0,1
1236465925,0,1
41455567,0,1
9.00E+17,0,1
2598183050,0,2
9.13E+17,0,2
9.20E+17,0,1
9.05E+17,0,18
1077339504,0,3
8.25E+17,0,1
4756240343,0,1
8.57E+17,0,1
8.28E+17,0,1
1419936289,0,1
522289313,0,1
57714888,0,2
501926162,0,1
3046414241,0,1
353569959,0,1
32652567,0,3
19107004,0,1
1056832406,0,1
20603009,0,2
8.85E+17,0,2
49352957,0,1
7.23E+17,0,1
2554278218,0,1
197125766,0,1
1550951096,0,1
1534359055,0,1
2831991570,0,1
152832615,0,1
195303335,0,1
8.47E+17,0,2
514384144,0,1
2896827218,0,3
490013684,0,1
48822802,0,1
3172702661,0,1
8.20E+17,0,1
1356030014,0,2
39538010,0,1
8.95E+17,0,1
565261168,0,1
2623690121,0,3
4039941853,0,4
7157132,0,1
200400703,0,1
7.11E+17,0,1
3284709691,0,1
1975777561,0,1
8.07E+17,0,1
2911520575,0,1
534779816,0,1
354176623,0,2
8.43E+17,0,1
7.56E+17,0,2
262107714,0,1
8.32E+17,0,1
164070785,0,1
356210545,0,1
8.72E+17,0,12
3914715432,0,1
8.18E+17,0,2
15709150,0,2
3153187677,0,1
2999158160,0,2
8.07E+17,0,1
19537801,0,1
2724363726,0,1
2436389418,0,1
7.99E+17,0,1
77346069,0,1
8.44E+17,0,1
490687640,0,1
8.73E+17,0,1
165944767,0,1
24810739,0,1
1543686456,0,1
262845998,0,1
19331721,0,1
3420477195,0,1
91042156,0,1
8.42E+17,0,6
284565044,0,2
3305755597,0,1
7.97E+17,0,1
9.07E+17,0,1
8.21E+17,0,1
19576148,0,2
7.83E+17,0,1
22996742,0,1
13783772,0,1
176437833,0,1
105824690,0,1
70295497,0,2
454521240,0,2
815625522,0,1
73383259,0,1
3102255530,0,1
11928542,0,1
8.54E+17,0,1
150102533,0,3
59262114,0,2
2853725270,0,1
7.56E+17,0,1
481039712,0,1
90808102,0,1
7.35E+17,0,1
282371758,0,1
538645723,0,1
8.88E+17,0,2
14166235,0,1
7.97E+17,0,1
1706302074,0,1
7.03E+17,0,1
2244261294,0,1
180262214,0,1
1498951,0,1
14529929,0,1
14817768,0,2
384560959,0,1
3391923453,0,1
7.85E+17,0,1
3069068019,0,1
9.22E+17,0,1
7.59E+17,0,3
8.16E+17,0,4
110111500,0,1
7.69E+17,0,3
2192341766,0,1
7.93E+17,0,1
3664759814,0,1
421117625,0,1
103413137,0,1
8.98E+17,0,1
203580117,0,1
17214479,0,3
14160078,0,1
7.05E+17,0,1
9.21E+17,0,2
210956872,0,1
3818208492,0,1
7.67E+17,0,1
8.71E+17,0,1
15874545,0,1
8.37E+17,0,1
14290240,0,1
7.75E+17,0,1
19142022,0,1
8.43E+17,0,2
41990886,0,1
1013888640,0,1
2404050464,0,1
325747394,0,1
413348481,0,1
84816752,0,1
2929718880,0,1
8.97E+17,0,2
8.71E+17,0,1
8.51E+17,0,1
51617811,0,1
8.00E+17,0,1
192042799,0,1
24578654,0,1
131344460,0,1
9.00E+17,0,1
266798057,0,2
7445912,0,1
91882544,0,1
919616118,0,1
185070700,0,1
464620194,0,1
42927210,0,1
8.27E+17,0,1
3921176183,0,1
35039490,0,1
1011480529,0,1
89707677,0,1
117401797,0,1
3327516764,0,1
446364589,0,1
465655179,0,1
3107110095,0,5
1004731904,0,2
334517485,0,1
499230066,0,1
50310312,0,1
3255492425,0,1
250627100,0,1
9.03E+17,0,1
7.20E+17,0,1
2334725995,0,1
69836643,0,1
8.10E+17,0,1
298942872,0,2
436258865,0,1
2824687214,0,1
8.92E+17,0,1
8.02E+17,0,1
7.92E+17,0,1
19091173,0,1
8.73E+17,0,1
33057171,0,3
7.32E+17,0,1
7.86E+17,0,1
2546258378,0,1
2207915253,0,5
7.94E+17,0,1
2812758328,0,1
248478594,0,3
62187990,0,1
151871519,0,1
8.70E+17,0,4
2604203628,0,1
2325082608,0,1
122978465,0,1
25235151,0,1
2165075370,0,1
8.48E+17,0,1
8.50E+17,0,1
23335863,0,1
2952360395,0,1
7.16E+17,0,1
1104287160,0,1
8.43E+17,0,1
500780948,0,1
491817984,0,1
23818581,0,1
48095602,0,1
1322887752,0,3
48485771,0,2
266557632,0,1
8.73E+17,0,1
7.29E+17,0,1
142427206,0,2
2814092397,0,1
92599101,0,1
133318766,0,1
8.04E+17,0,1
363343293,0,1
133202831,0,1
1071777608,0,1
8.22E+17,0,1
8.76E+17,0,8
7.20E+17,0,1
8.92E+17,0,1
1372426638,0,1
1324139286,0,1
8.36E+17,0,1
160801409,0,1
3013197303,0,3
9.25E+17,0,1
22703645,0,1
14339383,0,1
854853583,0,1
9.17E+17,0,1
8.41E+17,0,1
52419540,0,2
14291684,0,1
8.48E+17,0,2
64353911,0,1
189782120,0,1
252731972,0,1
8.43E+17,0,1
7.38E+17,0,1
27491049,0,1
3018742509,0,1
8.65E+17,0,1
435480404,0,2
8.08E+17,0,2
7.22E+17,0,1
1330375297,0,1
16163639,0,2
7.99E+17,0,2
7.83E+17,0,1
2259515006,0,1
313091751,0,1
7.58E+17,0,2
38324491,0,1
7.81E+17,0,1
8.75E+17,0,1
1561484497,0,1
776230196,0,1
8.28E+17,0,1
988290763,0,1
7.64E+17,0,1
14606079,0,1
3326192506,0,1
745291256,0,1
8.05E+17,0,1
1863564511,0,1
18783993,0,1
8.91E+17,0,2
311405077,0,1
3002092738,0,1
12364172,0,1
162932753,0,1
7.46E+17,0,1
7.86E+17,0,1
7.12E+17,0,1
2374665517,0,1
8.66E+17,0,11
8.68E+17,0,1
8.48E+17,0,1
2731097840,0,4
8.09E+17,0,1
1447639028,0,2
300642262,0,1
7.18E+17,0,1
14242376,0,1
7.92E+17,0,1
3061210992,0,1
8.45E+17,0,1
439555636,0,2
3065922244,0,1
4773260973,0,2
2889301018,0,1
7.34E+17,0,3
3198817637,0,1
2658812419,0,2
8.00E+17,0,1
9.21E+17,0,1
226346115,0,4
8.16E+17,0,1
15735817,0,1
8.26E+17,0,1
2545156620,0,1
2179481667,0,1
4100104581,0,1
528680554,0,1
747382812,0,1
8.19E+17,0,1
23917829,0,1
542634731,0,1
2592153931,0,1
7.94E+17,0,2
2666936809,0,1
7334062,0,1
8.86E+17,0,5
473504628,0,1
1803006702,0,1
1722978865,0,1
6351572,0,1
21946225,0,1
21452880,0,1
2789857374,0,1
2276667542,0,1
2719079490,0,1
1558996520,0,1
606592561,0,6
8.67E+17,0,4
8.60E+17,0,1
7.14E+17,0,1
275705822,0,1
15207358,0,1
100136358,0,1
60642052,0,3
7.97E+17,0,55
402181258,0,1
231233414,0,1
20031359,0,1
788363167,0,1
9.13E+17,0,1
2334166825,0,2
455261114,0,1
8.27E+17,0,1
8.54E+17,0,1
3413279938,0,1
319603324,0,1
8.53E+17,0,1
47124388,0,1
3138925188,0,1
188587219,0,1
40827893,0,1
4709229663,0,1
3105469807,0,1
444740318,0,1
45784061,0,1
1361008842,0,1
8.50E+17,0,1
2427399818,0,2
561363429,0,1
9.16E+17,0,1
9.09E+17,0,3
8.89E+17,0,2
7.35E+17,0,1
3301090771,0,1
20479813,0,1
2998899257,0,1
37660122,0,1
749129797,0,1
2698297343,0,1
7.93E+17,0,1
2919308995,0,2
8.94E+17,0,1
3720480263,0,1
8.73E+17,0,3
154376291,0,1
2790113098,0,1
2946391534,0,1
3219944390,0,1
21728303,0,1
2588321996,0,1
8.41E+17,0,1
7.57E+17,0,1
7.22E+17,0,1
2690765510,0,1
8.76E+17,0,1
159708757,0,3
580543451,0,1
8.86E+17,0,1
732079940,0,1
8.30E+17,0,1
8.52E+17,0,1
1252571708,0,1
253708194,0,1
7.23E+17,0,1
420810311,0,1
3430650405,0,1
53979469,0,1
14591339,0,1
3008417929,0,1
7.56E+17,0,1
196168350,0,1
65016988,0,1
1408491301,0,1
3669231501,0,1
1463111,0,3
61662979,0,2
256882188,0,1
3183373562,0,1
7.58E+17,0,2
24034702,0,1
7.30E+17,0,2
8.48E+17,0,2
1702797295,0,2
626729461,0,1
8.33E+17,0,1
717871956,0,3
108048373,0,1
1486258771,0,1
8.83E+17,0,1
1258447633,0,1
546245607,0,1
4893274648,0,6
2271896005,0,1
909919380,0,1
201936181,0,1
8.88E+17,0,2
8.33E+17,0,1
3225688142,0,1
14998578,0,1
7.94E+17,0,1
409817356,0,1
8.24E+17,0,1
9.12E+17,0,1
9.13E+17,0,1
15051912,0,1
8.53E+17,0,1
3814660097,0,1
8.49E+17,0,1
9.15E+17,0,1
19550262,0,1
8.91E+17,0,1
7.17E+17,0,3
19247844,0,2
7.62E+17,0,1
8.05E+17,0,2
2152073430,0,1
263288964,0,1
29593772,0,1
7.21E+17,0,1
16747981,0,1
169424116,0,1
212049100,0,1
326236006,0,1
8.28E+17,0,1
8.70E+17,0,1
16868991,0,1
25768877,0,1
3214130809,0,1
8.15E+17,0,3
15383021,0,1
9.14E+17,0,2
2560382833,0,1
9.05E+17,0,1
19685572,0,1
9.23E+17,0,1
274991683,0,1
739607592,0,1
433112513,0,1
2478660487,0,1
8.46E+17,0,1
37197577,0,1
2986560395,0,1
8.29E+17,0,2
930178296,0,1
189928329,0,1
315341279,0,1
3307670633,0,1
8.68E+17,0,2
3004346018,0,1
4825855639,0,1
60032981,0,1
21676596,0,2
8.31E+17,0,1
4871132045,0,1
31374402,0,1
8.56E+17,0,1
49698134,0,1
7.52E+17,0,1
787852411,0,1
1356913268,0,1
2887988203,0,1
1676273275,0,11
166267160,0,2
2997541582,0,1
7.12E+17,0,1
8.87E+17,0,1
453231114,0,1
7.82E+17,0,1
126028024,0,1
3405251764,0,1
277179712,0,1
7.03E+17,0,4
1098401288,0,1
9.03E+17,0,1
2774509206,0,1
118241252,0,1
8.43E+17,0,1
9.09E+17,0,1
2681474306,0,1
14522617,0,2
14693692,0,3
354658650,0,1
4774781723,0,1
24291002,0,1
81331335,0,1
8.56E+17,0,1
482388629,0,1
7.75E+17,0,1
85646803,0,1
7.30E+17,0,1
2957712406,0,1
15446531,0,1
16364095,0,1
2247969289,0,1
106692657,0,1
7.04E+17,0,1
3042879904,0,1
25071725,0,1
7.86E+17,0,1
3033723530,0,1
2875399360,0,1
16042794,0,1
1084921272,0,1
9.04E+17,0,1
1887264847,0,1
171632862,0,1
14164073,0,1
9006272,0,1
1612349160,0,1
312725895,0,1
3357675857,0,1
444262205,0,1
771824011,0,1
15343682,0,1
196412635,0,1
481207841,0,1
15077795,0,1
24337905,0,1
2277896516,0,1
36803580,0,1
2381494610,0,1
310999099,0,2
2614037528,0,1
155096207,0,1
8.89E+17,0,1
46283365,0,1
2386363226,0,1