,user_id,in_reply_to_user_id
5,4198141815,4198141815
15,4198141815,2810864653
23,4198141815,4198141815
28,319470544,4198141815
29,15695900,7.45E+17
31,4198141815,177052107
37,2996538266,8.36E+17
62,8.19E+17,193698236
66,52319005,52319005
70,3248691361,3248691361
71,7.56E+17,594594161
82,517107950,598601483
88,9.17E+17,3409241693
94,4198141815,177052107
95,1891898588,1891898588
105,8.03E+17,7.36E+17
119,20910548,17264476
131,7.13E+17,81976754
134,1190389285,759251
139,9.12E+17,247723476
151,7.95E+17,8.85E+17
162,52471840,17614726
163,20794392,20794392
195,8.73E+17,74391488
226,1107577458,7.14E+17
247,7.75E+17,457984599
249,1149255859,1055867238
256,9.21E+17,9.10E+17
264,299017753,8.19E+17
266,9.00E+17,9.21E+17
282,519985383,519985383
284,22516468,188898153
285,9.26E+17,4320850636
305,242595690,1044241
306,366169443,368646080
351,361919460,361919460
353,9.04E+17,8.81E+17
365,270576976,457984599
378,47160115,47160115
402,3132514522,3132514522
408,8.07E+17,8.07E+17
427,7.84E+17,7.84E+17
430,7.16E+17,7.21E+17
457,106555553,280379781
483,46584257,1276068319
484,155681266,594594161
485,9.17E+17,7.63E+17
488,2411290603,8.53E+17
501,81463069,7.45E+17
521,1398515984,7.35E+17
528,2738046367,4615975653
534,2738046367,272759604
538,2738046367,23046474
553,9955312,9955312
554,22403315,20860653
567,9.03E+17,3741126736
582,1694222593,1694222593
590,2827131879,2314993522
591,7.75E+17,457984599
615,502437694,2740290107
618,376618837,376618837
641,7.71E+17,7.71E+17
643,7.71E+17,7.71E+17
644,7.71E+17,7.71E+17
652,160968221,2951963678
653,7.71E+17,7.71E+17
654,434557914,1478689148
658,8.80E+17,358545917
662,1081513452,1081513452
672,2738046367,1102317907
673,3741126736,9.03E+17
676,225943521,8.86E+17
677,467768464,8.86E+17
687,8.86E+17,16106584
691,463603357,2252382708
703,1921622546,4517565515
706,886331,13857342
721,1948039580,8.43E+17
723,243901010,13857342
733,623941478,2838178444
735,13857342,13857342
736,13857342,13857342
738,13857342,13857342
752,7.56E+17,980611
756,1374693066,2828503477
777,247873824,754775250
780,8.53E+17,2411290603
791,2854061819,37478462
793,2854061819,76181029
794,75584719,8.07E+17
803,354441547,1704900283
804,7.94E+17,47455112
807,9.14E+17,594594161
811,9.27E+17,387805000
827,2828503477,1374693066
835,387805000,387805000
837,4571328341,4571328341
848,2833719035,594594161
854,387805000,25483958
862,7.13E+17,429523010
863,20965586,18252291
865,7.69E+17,7.69E+17
873,160968221,869511486
874,1906598546,4731645692
882,17479408,2951963678
891,8.23E+17,296283869
892,3092038863,3092038863
899,9.25E+17,14118948
902,80800433,4852565297
903,993543378,594594161
906,8883212,14118948
950,3311705779,3311705779
955,3311705779,3311705779
956,8.80E+17,8.80E+17
967,3311705779,3311705779
971,402347790,7.50E+17
1008,45861294,3562121415
1009,4076391,8787912
1022,2810864653,182370042
1034,2351889769,65974890
1054,3710675052,2951963678
1059,601425440,54666674
1068,28597450,2951963678
1075,2774188688,2774188688
1088,708200704,2499819697
1119,8.41E+17,8.93E+17
1120,7.82E+17,22629170
1128,34083622,16106584
1137,4747910603,14745740
1155,197042544,16906660
1169,379053169,2810864653
1181,7.62E+17,2951963678
1186,7.62E+17,5988062
1194,1927483722,96658445
1196,7.71E+17,7.32E+17
1200,9.05E+17,726682363
1204,8.98E+17,7.39E+17
1206,2810864653,19351599
1221,2810864653,2593706066
1222,193698236,193698236
1230,95532423,95532423
1231,95532423,263442273
1235,2810864653,89765059
1237,2810864653,192230195
1243,2810864653,9.11E+17
1245,2810864653,116388363
1246,13185872,3562121415
1247,5444412,5444412
1254,601425440,54666674
1260,2810864653,2593706066
1309,9.16E+17,16106584
1317,1102317907,2738046367
1338,1209641563,5988062
1352,9.27E+17,25483958
1361,8.72E+17,2323516586
1362,76377195,76377195
1367,2810395514,169060711
1377,89765059,89765059
1380,89765059,2810864653
1381,25483958,9.27E+17
1398,25483958,9.27E+17
1405,25483958,9.27E+17
1407,89765059,89765059
1411,16710197,75692320
1421,9.20E+17,88001676
1424,9.27E+17,387805000
1448,2617692338,2743896218
1460,3352406494,112614146
1470,2541223472,2541223472
1473,2814040284,2814040284
1475,2814040284,2814040284
1514,1554468102,83339474
1525,17092219,2858665159
1532,487039635,7.39E+17
1548,8.74E+17,8.74E+17
1556,3044949722,3044949722
1557,4191974301,16106584
1560,8.19E+17,29292341
1568,2311435027,2951963678
1579,1635572390,9.17E+17
1590,1574402593,4571328341
1592,2858665159,2858665159
1596,2917840342,1713794778
1600,7.17E+17,2272550041
1602,7.17E+17,7.17E+17
1603,289438636,289438636
1605,2858665159,2858665159
1608,7.17E+17,7.17E+17
1612,14132265,15661871
1614,2858665159,42345999
1617,7.44E+17,7.44E+17
1618,734197130,2951963678
1639,1949272500,19217369
1650,1949272500,1949272500
1672,263442273,2951963678
1676,2858665159,2858665159
1686,2838256043,2951963678
1688,8.04E+17,3436365886
1699,164349995,429523010
1706,28917852,54666674
1714,3402210893,42345999
1716,2810864653,283043739
1727,111167436,42345999
1745,7.06E+17,594594161
1754,15597375,1053548948
1765,2839493257,2571342366
1767,54902588,76181029
1774,8.35E+17,27577576
1784,7.44E+17,2425232592
1786,27049695,2951963678
1788,2274042164,278665338
1800,2951963678,108155579
1814,9.11E+17,116388363
1842,7.64E+17,7.64E+17
1843,7.64E+17,2202152632
1849,7.64E+17,7.64E+17
1857,2829039293,2829039293
1859,17480934,8.89E+17
1867,47155605,2951963678
1872,45309395,8.89E+17
1877,254742760,28954941
1881,2738046367,2202152632
1886,9.26E+17,56768257
1887,9.26E+17,56768257
1897,1149694885,7.39E+17
1919,7.64E+17,7.64E+17
1923,9.14E+17,2790105439
1926,7.64E+17,2202152632
1928,3219836438,7.48E+17
1943,16106584,7.68E+17
1953,996957625,996957625
1968,1102317907,1102317907
1969,7.41E+17,2718198130
1970,527654411,517004655
1975,9.15E+17,2391634459
1978,283043739,2343922427
1980,606357050,283043739
1991,547670327,4721661615
1993,16267395,16267395
2000,3235860921,14591218
2011,7.64E+17,190357821
2012,7.59E+17,7.59E+17
2014,7.59E+17,7.59E+17
2032,92149322,42345999
2036,2391634459,2399017345
2038,3430919644,2896835628
2039,9.18E+17,42345999
2045,21135142,42345999
2065,66814589,66814589
2066,7.64E+17,1635572390
2078,27049695,27049695
2129,7.74E+17,8.06E+17
2139,28088585,69373980
2153,2827131879,19643874
2167,1908857197,7.60E+17
2201,115151962,7.39E+17
2204,308881240,308881240
2207,308881240,308881240
2217,2767148298,29971417
2243,9.27E+17,18195553
2248,14299885,14299885
2253,16364644,359174241
2264,281431213,2411290603
2275,2411290603,8.04E+17
2280,16841066,2845913776
2286,281431213,8.04E+17
2290,2871006265,2321698795
2320,22002953,126171202
2322,488911358,43378629
2325,281431213,281431213
2333,14299885,54666674
2339,3132514522,3132514522
2366,2871006265,2871006265
2368,2871006265,2423425960
2375,281431213,2243877547
2402,8.86E+17,27577576
2403,2864633105,2458721665
2416,2243877547,281431213
2424,2790105439,4571328341
2440,281431213,281431213
2446,8.80E+17,14260960
2457,393756935,393756935
2485,281431213,2243877547
2495,4330691608,4330691608
2499,281431213,2243877547
2501,4330691608,4330691608
2505,4330691608,54666674
2508,2810864653,2305353847
2510,2829039293,2829039293
2513,9.09E+17,8.93E+17
2516,2829039293,2829039293
2520,9.02E+17,27000730
2524,8.02E+17,3091766863
2525,8.04E+17,2243877547
2527,2829039293,2829039293
2532,2829039293,2829039293
2539,177052107,177052107
2549,4165773914,4165773914
2551,733469154,594175899
2553,552688679,54666674
2554,4165773914,4165773914
2557,4165773914,4165773914
2569,4165773914,3044949722
2570,2887629187,274294204
2574,7.39E+17,8.98E+17
2583,2901809481,2901809481
2585,3044949722,3044949722
2588,3536963279,3063615107
2593,4165773914,3044949722
2613,3044949722,4165773914
2626,2305353847,1694222593
2628,2871006265,2871006265
2629,9.27E+17,9.27E+17
2633,192000027,3071076953
2645,9.27E+17,9.27E+17
2646,9.27E+17,106785598
2650,2871006265,613899472
2651,2833719035,2833719035
2655,106785598,9.27E+17
2657,9.27E+17,4571328341
2667,393756935,393756935
2672,2838143051,209189571
2673,264766887,945450367
2676,412384946,412384946
2679,393756935,393756935
2681,9.27E+17,9.27E+17
2686,9.27E+17,412384946
2693,9.27E+17,7.39E+17
2695,996957625,996957625
2703,9.27E+17,412384946
2724,2457172872,24785389
2734,814661857,594594161
2742,269816591,88001676
2744,182692702,238055499
2747,64678757,54666674
2750,1166107657,424806929
2756,16106584,16106584
2758,8.09E+17,9.21E+17
2767,24785389,24785389
2771,207323983,21268897
2775,16106584,54666674
2783,193698236,7.39E+17
2794,9.14E+17,604940737
2800,7.05E+17,27577576
2810,426525328,426525328
2811,426525328,3413756493
2814,4571328341,4571328341
2829,3025349309,289741323
2841,1410554492,8.06E+17
2862,8.55E+17,8.55E+17
2864,569482666,38021361
2869,426525328,88001676
2876,2423425960,2423425960
2883,9.27E+17,5402612
2889,8.27E+17,7.39E+17
2900,87750148,27577576
2904,4839141805,14173315
2911,9.27E+17,25073877
2919,1000078238,1151060460
2924,2829039293,594594161
2928,1151060460,1000078238
2978,175958307,175958307
2998,3422978644,5715752
3007,8.00E+17,457984599
3008,400917051,8.73E+17
3021,3422978644,51590580
3034,471283906,91470339
3045,2322768194,2951963678
3080,9.22E+17,4240850893
3092,16686475,128730616
3219,1110309750,43754642
3238,737104831,737104831
3239,9.00E+17,2951963678
3279,3422978644,1294741
3290,547249905,547249905
3310,1875937398,1598830746
3355,26579139,26579139
3373,17398320,936981026
3374,26579139,486039063
3385,43754642,43754642
3388,46584257,17398320
3410,2300869279,269199676
3443,34705390,34705390
3465,45721910,45721910
3468,45721910,45721910
3473,2523246653,7.20E+17
3492,218245143,14377605
3513,2796417967,27577576
3519,1875937398,1598830746
3528,7.64E+17,27577576
3529,2457172872,2488096033
3530,2457172872,2488096033
3532,2457172872,2488096033
3542,439235982,211855168
3548,112614146,27577576
3562,3352406494,2877481450
3570,1359055698,18880970
3571,326118600,47475039
3575,2457172872,2488096033
3582,1949272500,4571328341
3583,8.04E+17,8038532
3584,1686448148,16076032
3597,7.97E+17,2891322910
3598,7.08E+17,27577576
3646,942340093,3410350325
3662,2841780763,18643437
3686,18880970,478687097
3697,20959178,20959178
3715,3532553837,7.71E+17
3716,2835290290,42345999
3722,2693394814,207778228
3733,4833889217,555661926
3741,946849243,26029878
3759,42345999,42345999
3762,42345999,15009761
3770,2571977750,42345999
3771,42345999,15009761
3772,8.16E+17,8.01E+17
3777,3116145481,15009761
3780,3116145481,15009761
3788,8.80E+17,42345999
3802,4191974301,7.39E+17
3807,4191974301,2927250157
3809,4191974301,7.39E+17
3810,2830746763,3254796819
3813,590785241,7.53E+17
3814,2830746763,2830746763
3821,605201251,301445034
3823,4253666414,4253666414
3827,7.71E+17,236981019
3828,7.71E+17,3532553837
3830,7.71E+17,14237828
3835,195858236,3070406514
3839,3070406514,88001676
3842,891986648,42345999
3847,1166762024,1635572390
3850,3070406514,27577576
3868,8.47E+17,14237828
3883,15035654,8.63E+17
3900,1949272500,114684274
3902,1949272500,42345999
3904,1949272500,27577576
3913,2715747409,487039635
3920,3670075457,148487300
3929,2814040284,2814040284
3930,2814040284,2814040284
3940,33691132,33691132
3943,8.83E+17,27577576
3948,8.42E+17,27577576
3949,7.93E+17,7.93E+17
3953,14835528,27577576
3960,426525328,22040252
3962,7.72E+17,7.72E+17
3966,7.93E+17,7.93E+17
3981,7.72E+17,27577576
4017,1184220842,1184220842
4019,8.32E+17,15369857
4044,225943521,27577576
4045,16106584,16106584
4049,427616106,1135011900
4052,17844548,427619040
4072,8.33E+17,27577576
4077,909450656,909450656
4081,14995633,14995633
4090,3829135103,3723342375
4091,2778280431,118764942
4093,3190471032,3849184163
4101,8038532,393885443
4112,343600277,343600277
4127,8.80E+17,25073877
4128,8.70E+17,19217369
4134,909450656,909450656
4135,909450656,909450656
4138,17097703,310590377
4140,2975073528,2951963678
4146,7.55E+17,9.07E+17
4154,29155260,112614146
4156,112614146,29155260
4157,91268492,2951963678
4166,8.91E+17,7.98E+17
4195,8.91E+17,8.91E+17
4201,426525328,223160443
4204,8.37E+17,56768257
4215,8.63E+17,7.60E+17
4220,7.06E+17,7.06E+17
4246,184310053,604940737
4265,3091596568,604940737
4275,8.84E+17,8.84E+17
4306,2846136124,8.29E+17
4307,3106787658,8.29E+17
4352,9.10E+17,7.71E+17
4354,9.10E+17,56768257
4372,601425440,7.17E+17
4378,4429531393,9.13E+17
4390,20397734,8119452
4453,8.75E+17,14902339
4465,1578314317,1578314317
4501,42345999,27577576
4506,212636771,4726207589
4524,8.96E+17,7.79E+17
4532,2693394814,42345999
4539,4032375982,4032375982
4566,2311435027,35231502
4569,61512352,19217369
4573,19217369,19217369
4583,3107789626,456905460
4602,2858665159,289741323
4606,9.00E+17,1852899224
4608,8.81E+17,2846136124
4615,2858665159,2858665159
4645,801745064,801745064
4656,2663856654,2663856654
4669,3422978644,85686980
4673,2858665159,2858665159
4685,426525328,2272550041
4698,3270512030,1104637219
4706,2858665159,31062489
4715,7.17E+17,601425440
4736,9.02E+17,9.02E+17
4750,3795286092,9.02E+17
4756,8.07E+17,3095056821
4759,2896596373,112614146
4772,3362765434,65260792
4779,8.93E+17,42345999
4786,8.70E+17,28265608
4787,2321698795,3402210893
4801,198687436,525658038
4826,27577576,42345999
4830,930376591,930376591
4834,930376591,190441781
4839,18252291,20965586
4845,2610981608,2610981608
4855,15412328,604940737
4858,8.37E+17,32677335
4872,3350426764,983582880
4882,81976754,8.04E+17
4898,1327092974,304798916
4899,7.25E+17,2272550041
4900,2833820049,42345999
4903,7.08E+17,7.08E+17
4917,2846136124,2259122479
4925,1231914007,42345999
4929,289741323,42345999
4940,2512973712,42345999
4942,8.54E+17,42345999
4943,160968221,2951963678
4949,194248178,42345999
4950,9.02E+17,2272550041
4951,31062489,42345999
4958,28597450,42345999
4961,2272550041,42345999
4964,9.17E+17,42345999
4966,496388723,42345999
4968,226873959,42345999
4975,18252291,20965586
4988,7.56E+17,7.44E+17
5020,159226004,4571328341
5024,8.76E+17,3071892465
5052,601425440,3826069372
5060,2811434719,9.13E+17
5062,102600230,604940737
5063,4214916976,154221292
5080,30958678,30958678
5092,9.25E+17,7.01E+17
5104,9.13E+17,4095057792
5109,2327598245,1730223295
5121,8.72E+17,2319408132
5123,3826069372,3253153189
5147,412384946,2951963678
5148,9.08E+17,4716938490
5151,1247873534,8.88E+17
5173,7.28E+17,4571328341
5175,4571328341,4571328341
5177,2345495018,8.65E+17
5221,175472962,2951963678
5232,2208135154,1730499012
5234,4253636897,2951963678
5256,1104637219,2793536181
5265,306307786,1483064670
5275,4716938490,4716938490
5284,9.02E+17,8.52E+17
5286,4716938490,4716938490
5288,4716938490,4716938490
5292,4716938490,4716938490
5318,1705225754,1705225754
5331,2351889769,2322866384
5333,117615372,28265608
5355,4641344609,4641344609
5410,8.96E+17,8.21E+17
5422,1480412432,19313066
5445,272269416,18573485
5505,34629487,17264476
5517,281877818,248306279
5541,906936578,7.59E+17
5547,28597450,28597450
5549,177977500,1187330941
5550,3717610816,9.26E+17
5553,28597450,8.78E+17
5557,9.25E+17,8.06E+17
5561,8.52E+17,2846136124
5565,8.92E+17,7.13E+17
5567,7.86E+17,424806929
5572,8.92E+17,2474023578
5573,1544528599,8.92E+17
5577,21114693,21114693
5613,8.80E+17,18643437
5620,175472962,2757793657
5632,2272138994,16459325
5634,14168196,127955093
5635,16102815,16102815
5649,9.18E+17,9.03E+17
5658,160968221,166240143
5672,9.15E+17,8.66E+17
5687,395608255,14059411
5688,2497064084,7.14E+17
5690,7.32E+17,9.26E+17
5695,1293377058,1293377058
5705,7.37E+17,8.98E+17
5739,1480412432,604940737
5741,1480412432,604940737
5800,2189179524,1030024322
5804,8.73E+17,586357338
5843,3455934808,88001676
5852,8.67E+17,2913722920
5859,20965586,47475039
5861,2189179524,2951963678
5870,2951963678,7.75E+17
5878,2189179524,2951963678
5923,8.76E+17,2951963678
5965,9.01E+17,112614146
5974,993543378,16106584
5984,8.41E+17,7.01E+17
5989,8.14E+17,16106584
5996,2778280431,287492573
6006,329531410,563015011
6037,20456716,2915897287
6042,30342264,71000830
6053,7.57E+17,16106584
6054,470043382,238674647
6068,2767843313,8.11E+17
6076,2571342366,14467170
6092,7.40E+17,16106584
6093,7.40E+17,811389079
6096,414528899,8.98E+17
6104,14467170,2571342366
6139,7.05E+17,1645794463
6141,1023562501,1023562501
6144,906365126,78724476
6157,50573579,56768257
6158,9.19E+17,9.19E+17
6162,498270659,498270659
6170,11462742,27869564
6174,3245567998,4124503756
6191,15427412,18710668
6221,80800433,85686980
6232,2870315974,88001676
6235,1120637424,2677927273
6255,15035654,14745740
6262,2313872880,2313872880
6263,1343521758,4852057059
6264,327063041,14745740
6267,2313872880,2313872880
6268,4852057059,120922686
6269,120922686,4852057059
6274,46864848,2148747698
6277,8.32E+17,8.73E+17
6283,299302538,16106584
6289,20037702,20037702
6296,299302538,299302538
6315,3010312991,3010312991
6359,8.12E+17,8.12E+17
6361,8.48E+17,364814717
6366,7.18E+17,23570363
6370,2814040284,2814040284
6371,2814040284,2814040284
6378,2550636080,2550636080
6381,390941970,390941970
6388,164349995,7.49E+17
6395,164349995,164349995
6398,3010312991,9.05E+17
6403,15538456,4565284153
6407,1468379197,8.33E+17
6412,7.49E+17,164349995
6416,402423366,1465481
6418,164349995,7.49E+17
6420,2368500437,88001676
6421,8.30E+17,8.87E+17
6433,164349995,7.49E+17
6435,9.16E+17,8.78E+17
6438,164349995,7.49E+17
6449,13419902,2955460223
6452,8.32E+17,4562262263
6458,3252863095,82435291
6467,164349995,374227012
6476,3010312991,27938182
6483,374227012,16106584
6488,439718090,9.18E+17
6494,374227012,2814040284
6507,222912657,1969254588
6514,285925478,8.19E+17
6544,1700487464,409212875
6563,9.18E+17,4726147296
6574,139547683,139547683
6586,487039635,8.20E+17
6592,2398721012,43380811
6595,35653,35653
6597,2398721012,43380811
6598,35653,150455885
6605,15281517,15281517
6621,7.17E+17,7.17E+17
6626,619415928,15281517
6627,14168196,2221019857
6630,20735369,20735369
6635,15281517,7.17E+17
6649,1611995112,1611995112
6652,8.59E+17,3284606599
6663,746578496,828086198
6677,269535116,7.23E+17
6688,8.04E+17,7.63E+17
6698,164349995,274109576
6699,24205315,25694156
6709,510782248,510782248
6711,233009777,604940737
6736,492172594,492172594
6739,9.25E+17,26585095
6757,3023487461,17398320
6788,9.09E+17,9.09E+17
6812,215508074,7.33E+17
6818,2663990558,2663990558
6853,16267395,2841652475
6866,8.18E+17,8.18E+17
6868,9.12E+17,496974569
6877,37913112,37913112
6890,195039843,9.17E+17
6898,2663990558,2663990558
6901,361999207,8.78E+17
6916,436046160,7.64E+17
6918,348477358,2986302887
6927,36066624,88001676
6930,262861537,19084896
6938,182692702,16719435
6950,7.59E+17,2877151045
6967,7.66E+17,2836421
6975,7.08E+17,14173315
6979,1163578796,258161837
6983,4264195704,596680323
7014,3382046777,27315988
7029,38306826,88001676
7032,2891807243,88001676
7034,374227012,2423425960
7040,9.19E+17,260572528
7046,2565791769,8.04E+17
7052,8.94E+17,8.42E+17
7056,163632348,951938959
7057,8.42E+17,2825031026
7059,8.80E+17,1733467884
7063,2825031026,7.19E+17
7072,2810611336,88001676
7088,3243623863,88001676
7092,262861537,262861537
7095,50074999,8.90E+17
7098,55098315,27553611
7101,8.22E+17,16106584
7104,262861537,262861537
7106,33540385,88001676
7110,23866855,2479085623
7115,8.44E+17,16106584
7116,83339474,83339474
7117,3010312991,3010312991
7122,2848826986,965069406
7133,33996870,1113067399
7140,2349149214,2349149214
7148,2810611336,14407767
7153,9.03E+17,539589780
7157,8.89E+17,7.19E+17
7172,3019039904,3019039904
7190,7.56E+17,39344374
7194,2905627583,2905627583
7208,992330448,47630337
7217,14563484,777010404
7231,7.47E+17,8.78E+17
7254,14407767,29210791
7256,16841066,8.79E+17
7267,248590801,3688700362
7283,596680323,8.78E+17
7294,259492037,277563120
7301,7.49E+17,8.22E+17
7317,8.98E+17,8.68E+17
7340,2272138994,1385975335
7365,7.39E+17,1236465925
7376,8.68E+17,41455567
7379,2889984516,9.00E+17
7399,7.09E+17,78724476
7405,2376855856,14173315
7416,8.43E+17,2951963678
7419,3288926470,2974750750
7434,7.89E+17,2598183050
7473,8.25E+17,9.13E+17
7487,7.97E+17,29971417
7495,9.18E+17,16106584
7506,2661453643,16106584
7512,9.20E+17,16106584
7518,477002167,16106584
7536,32677335,909460368
7538,9.20E+17,9.20E+17
7570,374227012,2423425960
7575,374227012,9.05E+17
7581,8.38E+17,2423373294
7586,2652297992,1077339504
7603,4429531393,4429531393
7604,4429531393,8.25E+17
7627,2738046367,2738046367
7630,2738046367,56768257
7635,2659960381,88001676
7639,2887629187,2887629187
7644,2241247909,4756240343
7668,9.20E+17,2951963678
7675,9.00E+17,8.57E+17
7677,2810611336,2810611336
7717,61512352,2955460223
7739,3227843065,8.28E+17
7744,14119853,281877818
7751,1881470028,1419936289
7754,8.77E+17,522289313
7758,27434852,57714888
7759,14119853,281877818
7763,27434852,57714888
7792,8.78E+17,56768257
7800,7.66E+17,501926162
7802,3048214336,3046414241
7810,732763,353569959
7819,478993024,478993024
7835,242595690,32652567
7844,20693,19107004
7845,114875939,114875939
7851,7.57E+17,1056832406
7859,631606072,631606072
7864,1900588969,20603009
7876,98617389,98617389
7881,631606072,631606072
7884,8.05E+17,8.85E+17
7885,274294204,274294204
7891,9.23E+17,7.39E+17
7892,142709459,2796417967
7896,1900588969,20603009
7897,8.27E+17,7.39E+17
7902,8.36E+17,49352957
7903,4638271638,17264476
7907,20833775,7.23E+17
7910,8.07E+17,9.17E+17
7920,631606072,16084074
7925,16084074,16084074
7938,3124506583,2554278218
7944,9.23E+17,197125766
7953,2796417967,2796417967
7986,112767933,1550951096
7994,2331199484,1534359055
7998,864090907,2831991570
8002,164349995,152832615
8005,3040368190,195303335
8015,8.47E+17,8.47E+17
8017,8.80E+17,514384144
8020,2187662275,2896827218
8045,8.80E+17,8.80E+17
8047,1534002102,490013684
8060,252643801,252643801
8066,9.01E+17,48822802
8068,8.22E+17,604940737
8078,7.05E+17,47155605
8080,773895002,3172702661
8085,834419623,8.20E+17
8088,8.67E+17,46331074
8093,8.42E+17,2951963678
8098,2593706066,1356030014
8100,9.13E+17,8.06E+17
8105,7.45E+17,39538010
8108,8.54E+17,8.85E+17
8113,7.05E+17,8.95E+17
8115,540160989,14155052
8118,19157383,565261168
8136,8.18E+17,2623690121
8137,3322773492,4039941853
8139,8.18E+17,7157132
8147,2943060805,200400703
8165,8.25E+17,4429531393
8176,3193731648,7.11E+17
8193,8.25E+17,3284709691
8212,14667729,1975777561
8214,388063820,8.07E+17
8233,122050135,122050135
8257,603813065,2911520575
8295,353463122,353463122
8299,942340093,534779816
8303,229841284,354176623
8309,229841284,8.43E+17
8327,7.56E+17,3221957964
8332,7.56E+17,3221957964
8340,7.56E+17,7.56E+17
8386,1869365360,1733467884
8398,9.02E+17,262107714
8421,8252602,4039941853
8465,92376180,7.60E+17
8491,114584062,161163433
8500,9.21E+17,78724476
8509,9.21E+17,4039941853
8517,2402890705,4429531393
8521,4429531393,2402890705
8525,2402890705,4429531393
8528,14941817,4039941853
8531,4429531393,4429531393
8533,4429531393,4429531393
8536,2497064084,8.32E+17
8558,2814040284,2814040284
8559,2814040284,2814040284
8563,2272138994,164070785
8571,1922243665,4124503756
8572,253597942,356210545
8586,8.18E+17,8.72E+17
8588,2592522606,2592522606
8592,1419966026,3914715432
8599,2592522606,161163433
8600,382474923,8.18E+17
8618,8.58E+17,15709150
8629,89239946,89239946
8645,3368349226,3153187677
8646,382474923,8.18E+17
8652,7.48E+17,2999158160
8663,9.21E+17,8.07E+17
8665,16106584,19537801
8716,8.73E+17,8.72E+17
8724,8.96E+17,2724363726
8744,1054306639,2436389418
8747,1000678674,7.99E+17
8770,519246509,78724476
8811,95506280,95506280
8872,8499732,77346069
8873,7.55E+17,8.44E+17
8887,2355244596,9.13E+17
8908,3010312991,490687640
8916,8.26E+17,8.73E+17
8917,8.65E+17,165944767
8925,292440657,544321302
8926,707841024,24810739
8927,544321302,1543686456
8934,32677335,909460368
8956,9.22E+17,262845998
8984,305433319,2586377694
8989,2586377694,305433319
8990,7.82E+17,8.72E+17
8993,237572596,19331721
8995,305433319,2586377694
8998,2575007515,65974890
8999,8.20E+17,23046474
9005,909113317,3420477195
9012,9.08E+17,2955460223
9015,8.47E+17,8.47E+17
9017,1158473863,4571328341
9028,3405591291,32652567
9041,2810395514,2951963678
9042,8.59E+17,4571328341
9047,172082238,32652567
9064,8.15E+17,7.60E+17
9075,8.80E+17,91042156
9079,2738046367,8.42E+17
9081,4198141815,284565044
9094,866937038,909460368
9096,8.76E+17,746578496
9097,909460368,866937038
9099,21063394,39344374
9100,8.32E+17,65974890
9101,909460368,866937038
9105,164349995,3305755597
9106,2738046367,8.42E+17
9108,4198141815,284565044
9118,8.21E+17,7.97E+17
9120,634338292,9.07E+17
9124,7.97E+17,8.21E+17
9132,2738046367,8.42E+17
9134,909460368,866937038
9138,2738046367,8.42E+17
9139,909460368,866937038
9141,2738046367,2738046367
9142,8.89E+17,2440647629
9147,2564414675,19576148
9152,1615788481,7.83E+17
9155,7.16E+17,2951963678
9157,8.42E+17,299158008
9159,793453176,14155052
9162,2440647629,22996742
9164,61062008,13783772
9167,2564414675,19576148
9170,3290118289,15070269
9173,4174522154,936981026
9179,540379337,39344374
9185,1958752104,176437833
9196,4198141815,105824690
9197,2774188688,2951963678
9200,2586934003,70295497
9201,8.98E+17,65974890
9202,7.37E+17,8.06E+17
9204,299158008,8.42E+17
9207,186533773,186533773
9210,188414672,454521240
9219,864090907,65974890
9232,312503188,815625522
9233,2239306808,73383259
9234,305433319,3102255530
9236,7.02E+17,11928542
9237,8.83E+17,7.60E+17
9238,2239306808,8.54E+17
9240,4861943671,65974890
9250,2239306808,150102533
9251,1611995112,1563611642
9253,331418800,59262114
9256,4198141815,215508074
9260,4127500633,4127500633
9266,2984463587,7.60E+17
9268,1563611642,2853725270
9274,4191974301,7.56E+17
9275,2167929986,481039712
9279,2307192068,90808102
9285,2593706066,2951963678
9291,9.23E+17,8.72E+17
9300,7.13E+17,7.35E+17
9302,215508074,215508074
9303,215508074,215508074
9306,215508074,215508074
9311,215508074,215508074
9312,215508074,215508074
9314,59080395,282371758
9315,305433319,538645723
9316,215508074,215508074
9320,58946675,8.88E+17
9321,8.76E+17,14166235
9327,7.97E+17,7.97E+17
9341,444534532,9.17E+17
9366,8.32E+17,1706302074
9373,3306492116,7.03E+17
9379,16787257,14173315
9390,139547683,14155052
9391,8.32E+17,14173315
9398,16734517,2999158160
9399,2794782427,2951963678
9400,8.69E+17,2244261294
9402,8.25E+17,180262214
9412,151348322,1498951
9416,9.15E+17,14529929
9420,1458908486,1458908486
9422,8.33E+17,14817768
9427,8.33E+17,14817768
9438,7.78E+17,168717945
9439,7.25E+17,384560959
9445,8.20E+17,3391923453
9447,7.85E+17,7.85E+17
9450,312503188,312503188
9460,3885858613,3069068019
9461,2858665159,936981026
9466,3484459758,9.22E+17
9469,312503188,312503188
9481,2617692338,83339474
9485,316904219,7.59E+17
9493,195858236,8.16E+17
9494,87554706,110111500
9510,164349995,7.59E+17
9511,14587109,14587109
9518,7.59E+17,7.69E+17
9519,7.69E+17,7.59E+17
9528,3138449127,14155052
9529,3138449127,14155052
9530,8.33E+17,2192341766
9532,7.59E+17,316904219
9536,7.89E+17,7.93E+17
9550,1387190622,134931500
9554,11595372,358545917
9562,2331199484,2331199484
9565,9.24E+17,3664759814
9572,7.69E+17,7.69E+17
9573,8.22E+17,421117625
9580,3124506583,607532355
9590,607532355,103413137
9595,3124506583,7.69E+17
9598,8.98E+17,8.98E+17
9599,160015142,203580117
9605,3409899201,3409899201
9638,3023487461,17214479
9644,7.41E+17,150102533
9663,46584257,14160078
9665,7.05E+17,7.05E+17
9678,8.33E+17,14301286
9684,748016857,2927813462
9713,9.21E+17,9.21E+17
9724,607243942,2474023578
9727,2474023578,2474023578
9728,2474023578,2474023578
9733,4559127852,4478727253
9736,4478727253,4559127852
9747,7.58E+17,210956872
9756,1240535120,2598183050
9764,168717945,3818208492
9765,2841652475,7.67E+17
9789,393756935,393756935
9796,631606072,631606072
9798,2858665159,2858665159
9801,631606072,16084074
9818,2858665159,2858665159
9821,8.99E+17,4526517257
9824,4526517257,4526517257
9827,2602501218,8.72E+17
9828,3226914947,828086198
9831,2858665159,2858665159
9836,909460368,454521240
9837,39836456,8.71E+17
9841,8.33E+17,936981026
9847,2858665159,14155052
9854,280727266,15874545
9879,4449537796,14155052
9883,4837363272,1653677132
9884,614912734,8.37E+17
9888,4427538260,1563611642
9892,2951963678,14155052
9899,164349995,14290240
9900,45281719,45281719
9906,265727223,936981026
9909,8.19E+17,7.75E+17
9919,1653677132,19142022
9921,300489029,8.43E+17
9937,7.39E+17,150102533
9948,21449974,3305845775
9950,2331199484,41990886
9951,58830662,1013888640
9953,56044863,2404050464
9954,56044863,56044863
9955,3044714145,56044863
9972,7.91E+17,325747394
9973,487094457,393756935
9975,18262508,40129419
9983,88545686,413348481
9993,3084972398,936981026
10000,2368500437,14155052
10009,200918966,84816752
10011,8.25E+17,3305845775
10018,7.93E+17,14155052
10019,1524887035,2929718880
10027,265123993,265123993
10029,17787711,8.97E+17
10035,71000830,71000830
10036,8.71E+17,8.71E+17
10043,2822300431,2951963678
10045,2980735349,8.51E+17
10052,106921908,51617811
10054,3277906244,936981026
10065,8.00E+17,8.00E+17
10091,282646318,192042799
10093,3304390810,3304390810
10095,324632087,24578654
10100,8.81E+17,131344460
10154,86442557,936981026
10158,8.42E+17,9.00E+17
10165,8.44E+17,16106584
10166,9.23E+17,8.06E+17
10176,14643806,7.68E+17
10180,5526332,5526332
10186,8.68E+17,962789539
10187,3742798042,7.60E+17
10190,5526332,5526332
10192,3742798042,9.05E+17
10194,2464206528,266798057
10196,72921705,2951963678
10198,936981026,14155052
10199,8.98E+17,7445912
10204,14155052,936981026
10206,8.80E+17,91882544
10207,1606732370,1606732370
10215,9.13E+17,18262508
10223,18262508,9.13E+17
10224,2464206528,266798057
10235,2187662275,2896827218
10243,18262508,14155052
10247,936981026,14155052
10251,936981026,936981026
10260,936981026,14155052
10261,111167436,2951963678
10266,2959200639,2951963678
10274,18716201,18716201
10277,1563611642,919616118
10279,16886835,16886835
10281,319534713,185070700
10288,9.16E+17,464620194
10292,2973346066,42927210
10295,2368475342,14155052
10297,8.02E+17,8.27E+17
10302,89765059,3921176183
10308,8.92E+17,35039490
10310,1912225345,1011480529
10317,2974750750,8.73E+17
10325,282646318,89707677
10336,4658741901,4658741901
10369,8.55E+17,2605915484
10371,7.13E+17,117401797
10381,932092225,16106584
10382,76181029,76181029
10388,7.91E+17,3327516764
10389,175232452,24469899
10392,432677873,446364589
10407,7.62E+17,8.72E+17
10425,15313645,465655179
10440,2810395514,1356030014
10481,4198141815,70466918
10484,70466918,4198141815
10499,404489561,8.72E+17
10512,193698236,3107110095
10514,8.33E+17,8.33E+17
10517,3271904619,8.72E+17
10519,9.13E+17,8.72E+17
10520,8.72E+17,354176623
10522,404489561,404489561
10523,404489561,404489561
10524,404489561,8.72E+17
10530,2810864653,2810864653
10538,4198141815,4198141815
10544,8.72E+17,8.72E+17
10545,4612304957,56768257
10558,2790763692,2790763692
10559,4198141815,4198141815
10562,2814040284,2814040284
10563,2814040284,2814040284
10565,328917493,1004731904
10569,4198141815,334517485
10574,404489561,8.72E+17
10575,8.72E+17,3271904619
10585,4198141815,4198141815
10587,3005943187,7.60E+17
10603,161163433,161163433
10623,522522699,56768257
10626,8.30E+17,499230066
10636,7.28E+17,50310312
10642,19015287,19015287
10648,99587821,99587821
10653,99587821,99587821
10663,2877074690,134931500
10670,1037908046,3255492425
10675,374227012,250627100
10690,2355244596,164349995
10694,164349995,2927250157
10698,2757793657,9.03E+17
10700,7.20E+17,7.20E+17
10705,2757793657,16906660
10707,7.20E+17,2334725995
10717,2790763692,2790763692
10722,256182493,16106584
10732,8.70E+17,1733467884
10749,6788312,69836643
10753,8.10E+17,8.10E+17
10763,408686208,298942872
10768,16321474,436258865
10800,7.91E+17,2824687214
10817,301784687,9.05E+17
10818,142709459,8.92E+17
10823,151348322,8.02E+17
10832,267634630,7.92E+17
10845,51266230,19091173
10858,163522127,163522127
10862,1717036381,1717036381
10897,2738046367,8.73E+17
10919,429523010,429523010
10923,2772798101,33057171
10925,32677335,33057171
10928,51266230,7.32E+17
10930,2841652475,7.86E+17
10933,236999820,16106584
10951,524817828,2546258378
10977,3131037341,2207915253
10979,3072040987,7.39E+17
10982,190516402,467768464
11013,2790105439,16906660
11014,2593706066,467768464
11021,2274342984,7.94E+17
11023,159029953,2812758328
11026,2158342332,248478594
11031,2576044315,62187990
11048,2355244596,357142859
11051,2355244596,51266230
11058,2975073528,151871519
11067,349474275,349474275
11111,2508354913,3345895211
11130,8.70E+17,8.70E+17
11132,3345895211,2604203628
11153,3617510720,3617510720
11155,8.08E+17,2325082608
11156,2900417861,122978465
11169,1604502066,1547012486
11176,1547012486,1604502066
11178,3291922358,3291922358
11199,1423235066,25235151
11212,223304261,1190389285
11222,8.47E+17,598601483
11230,3305845775,3305845775
11232,2533245223,2889984516
11236,48725900,2165075370
11238,7.16E+17,8.48E+17
11240,9.20E+17,8.50E+17
11254,2846136124,2846136124
11299,2492551465,2889984516
11305,9.11E+17,2889984516
11320,14794357,23335863
11323,757698930,2952360395
11325,9.10E+17,7.44E+17
11332,1889011345,1563464372
11371,3005943187,7.16E+17
11376,8.91E+17,16106584
11384,3005943187,3005943187
11390,9.15E+17,1104287160
11392,3005943187,2207915253
11403,164349995,8.43E+17
11414,164349995,500780948
11425,14836662,14155052
11436,2663556464,491817984
11444,7.39E+17,7.39E+17
11445,164349995,7.39E+17
11447,8.28E+17,23818581
11474,3391423107,14173315
11485,3391423107,14173315
11488,57677984,48095602
11493,441251850,441251850
11494,235739862,14155052
11500,251512062,1322887752
11504,251512062,1322887752
11507,8.98E+17,467768464
11509,14155052,48485771
11510,251512062,1322887752
11513,14155052,48485771
11521,26025129,266557632
11565,8.73E+17,8.73E+17
11570,8.73E+17,7.29E+17
11590,8.02E+17,142427206
11608,2593706066,109640315
11613,372078673,372078673
11617,109640315,18643437
11620,469086244,18643437
11625,302932701,302932701
11626,282646318,26025129
11650,2359880569,2814092397
11655,8.02E+17,142427206
11676,568690375,92599101
11685,3417281,133318766
11702,2593706066,109640315
11712,865452426,18643437
11720,4662420975,18643437
11724,2593706066,424806929
11747,393756935,393756935
11751,2852724185,3412057409
11753,2593706066,8.04E+17
11755,35975592,15709150
11767,51266230,248478594
11776,598064110,7.60E+17
11810,46584257,46584257
11822,1178882917,1178882917
11852,3166107756,7.13E+17
11856,8.21E+17,363343293
11870,265592480,7.60E+17
11880,43007858,43007858
11904,2782394828,467768464
11921,2889984516,4228839565
11933,2837497140,7.60E+17
11942,2950999113,133202831
11951,44217622,1071777608
11967,8.79E+17,16106584
11978,2573502541,8.22E+17
11982,7.61E+17,19217369
11987,298329790,298329790
11992,3412057409,8.76E+17
11994,2593706066,7.20E+17
12003,3403753307,8.92E+17
12013,3107789626,3107789626
12020,3063436536,1372426638
12021,1486614217,1324139286
12023,2164014962,8.36E+17
12029,2830746763,2877151045
12046,52471840,16906660
12051,324243377,160801409
12052,1575861367,3013197303
12076,2593706066,16106584
12080,385844173,9.25E+17
12083,1575861367,3013197303
12095,1575861367,3013197303
12109,1563643716,9.05E+17
12117,2189492365,22703645
12132,2189492365,14173315
12162,366256329,14339383
12164,254138797,854853583
12173,385844173,9.05E+17
12192,9.17E+17,9.17E+17
12198,2963992696,28954941
12199,7.08E+17,14173315
12200,7.08E+17,14173315
12231,8.66E+17,8.41E+17
12280,3186883325,26585095
12312,47064527,16906660
12313,18692815,16906660
12317,7.08E+17,52419540
12318,7.08E+17,52419540
12321,487094457,14173315
12331,7.08E+17,14173315
12345,487094457,16906660
12349,321048380,321048380
12373,7.08E+17,14173315
12381,7.08E+17,14173315
12382,2706423577,2706423577
12424,14898855,34853
12434,7.08E+17,14173315
12440,50892034,50892034
12444,34853,14898855
12460,7.08E+17,56768257
12462,7.08E+17,56768257
12464,7.08E+17,14173315
12468,4811090693,14291684
12472,7.08E+17,14173315
12473,7.08E+17,14173315
12481,66361438,66361438
12484,8.48E+17,8.48E+17
12493,8.48E+17,8.48E+17
12494,469539739,14173315
12505,1575861367,64353911
12515,467768464,486013148
12517,1100999599,189782120
12521,4625939480,252731972
12541,8.53E+17,8.43E+17
12542,533954747,9.05E+17
12587,3882726629,7.38E+17
12597,8.75E+17,9.05E+17
12598,195858236,228661663
12599,7.41E+17,7.60E+17
12600,193698236,2951963678
12613,9.14E+17,3063615107
12614,21449974,9.05E+17
12615,3072770230,2951963678
12621,195858236,228661663
12625,4811090693,70295497
12629,2248885669,9.05E+17
12638,9.19E+17,9.05E+17
12641,50792401,14173315
12642,7.08E+17,27491049
12643,7.08E+17,14173315
12645,7.08E+17,14173315
12656,1494095148,1494095148
12699,8.64E+17,3018742509
12710,8.65E+17,8.65E+17
12716,4198141815,4198141815
12722,2386648014,7.60E+17
12753,2447506808,56768257
12775,21853734,435480404
12777,4198141815,4198141815
12789,228661663,8.08E+17
12790,2810611336,2374449186
12797,4228839565,4228839565
12798,3044949722,2374449186
12801,3387199420,14173315
12803,3908347578,7.60E+17
12805,2605915484,2810864653
12806,357142859,7.60E+17
12807,9.19E+17,9.17E+17
12813,3403753307,7.60E+17
12818,7.15E+17,7.22E+17
12829,2374449186,2810611336
12839,2374449186,2810611336
12847,2810611336,2810611336
12855,2814040284,2814040284
12856,2814040284,2814040284
12862,2374449186,2374449186
12865,2374449186,2374449186
12869,2374449186,2374449186
12873,2593706066,9.05E+17
12874,2374449186,2374449186
12875,2810611336,2810611336
12886,2810611336,2374449186
12888,2374449186,1330375297
12893,62304775,8.76E+17
12927,8.36E+17,2951963678
12929,2274183680,435480404
12937,3882726629,83339474
12946,9.11E+17,16163639
12950,9.11E+17,16163639
12952,217163243,217163243
12963,374227012,7.99E+17
13019,374227012,7.99E+17
13024,393756935,393756935
13025,2367687707,7.83E+17
13027,393756935,393756935
13030,393756935,393756935
13033,393756935,393756935
13038,393756935,393756935
13046,2104,17344033
13071,3311767356,56768257
13073,8.36E+17,26585095
13092,7.13E+17,2207915253
13095,8.30E+17,2207915253
13118,2785301571,7.13E+17
13134,634338292,2836421
13138,2799207292,2259515006
13159,8.33E+17,16106584
13160,9.22E+17,313091751
13165,14438352,7.58E+17
13166,14438352,7.58E+17
13201,166046149,166046149
13204,112614146,38324491
13220,7.81E+17,7.81E+17
13223,151899265,9.17E+17
13238,9.13E+17,9.17E+17
13250,24469899,8.84E+17
13251,8.08E+17,8.75E+17
13256,8.08E+17,228661663
13260,8.08E+17,8.08E+17
13265,4697968778,1561484497
13278,104364150,776230196
13286,328917493,8.28E+17
13295,8.84E+17,2896827218
13299,2321698795,16267395
13303,8.84E+17,7.71E+17
13306,4870919417,988290763
13315,1078616966,7.64E+17
13318,29504110,14606079
13329,27085849,3326192506
13331,16196401,16196401
13336,628773508,628773508
13337,23209598,424806929
13338,8.20E+17,17264476
13339,3139125287,745291256
13364,269131395,3107110095
13378,2900013880,424806929
13382,17344033,2104
13392,8.26E+17,2207915253
13399,8.05E+17,8.05E+17
13430,8.56E+17,23046474
13432,2798508452,2623690121
13448,60637762,1863564511
13454,1337916584,1337916584
13467,482264475,18783993
13479,8.53E+17,8.91E+17
13485,8.79E+17,35231502
13489,16267395,164349995
13507,1949272500,14173315
13511,164349995,16267395
13521,8.79E+17,311405077
13561,16267395,2321698795
13566,111167436,7.60E+17
13571,2745353948,27085849
13573,16267395,7.60E+17
13574,164349995,111167436
13594,8.67E+17,2571977750
13595,111167436,8.91E+17
13607,16457364,3002092738
13616,164349995,17886742
13618,8.14E+17,7.71E+17
13627,4198141815,12364172
13629,1717036381,1717036381
13640,17886742,9.05E+17
13643,4207386559,162932753
13652,3072040987,7.60E+17
13663,8.26E+17,7.17E+17
13666,7.53E+17,7.46E+17
13678,229841284,229841284
13683,9.18E+17,7.86E+17
13693,3316305037,7.12E+17
13739,8.92E+17,2374665517
13740,2593706066,2321698795
13742,2757898723,7.60E+17
13756,2593706066,424806929
13792,14299885,14299885
13830,164349995,164349995
13870,2858665159,2321698795
13874,64145294,3010312991
13887,116347255,8.66E+17
13914,40129419,8.68E+17
13920,1265769998,7.60E+17
13943,8.42E+17,8.48E+17
13946,3074643279,2321698795
13952,7.54E+17,7.60E+17
13962,2321698795,2321698795
13974,9.24E+17,2731097840
13986,2321698795,2321698795
13993,2321698795,2321698795
13996,93702505,3160561052
14005,2311435027,426525328
14016,22319310,19217369
14022,9.24E+17,9.05E+17
14034,904513656,7.60E+17
14035,3160561052,424806929
14053,23046474,7.71E+17
14065,2877074690,8.09E+17
14066,3297102393,7.60E+17
14068,7.60E+17,7.60E+17
14089,1149692724,381091598
14095,18692815,2836421
14103,1949272500,9.05E+17
14111,2497064084,1447639028
14122,381091598,300642262
14134,2355244596,1447639028
14142,1877252898,7.18E+17
14148,2355244596,9.05E+17
14155,1949272500,1949272500
14175,2897907727,2897907727
14189,119815139,3106787658
14192,9.20E+17,3106787658
14200,1563464372,1563464372
14202,3223001693,14242376
14203,3106787658,3106787658
14207,1563464372,7.92E+17
14208,116347255,3061210992
14227,164349995,3562421
14243,8.30E+17,8.45E+17
14254,3562421,3562421
14306,8.98E+17,439555636
14308,14299885,7.56E+17
14328,753994880,3065922244
14332,3302937423,426525328
14337,125365358,27085849
14338,390941970,390941970
14339,519985383,4773260973
14354,2706423577,9.05E+17
14356,344209049,2889301018
14362,7.87E+17,7.71E+17
14372,519985383,4773260973
14385,195858236,1545093056
14393,8.33E+17,360969812
14395,2739495449,7.34E+17
14402,733803,3198817637
14403,426525328,9.05E+17
14406,2745739767,2658812419
14412,158815850,8.00E+17
14414,1545093056,9.21E+17
14415,2745739767,2658812419
14419,29372998,29372998
14420,519985383,519985383
14436,8.36E+17,2951963678
14437,7.35E+17,226346115
14449,849653762,8.16E+17
14468,2350941501,15735817
14497,3070406514,16106584
14502,1536600704,360969812
14507,9.24E+17,9.07E+17
14508,360969812,1536600704
14511,2593706066,9.05E+17
14512,2870315974,1536600704
14531,3742798042,3742798042
14534,1296254912,1296254912
14538,1629667927,1629667927
14540,8.80E+17,8.80E+17
14543,325949439,8.26E+17
14557,1563464372,2545156620
14558,3419850585,3419850585
14566,2571342366,2571342366
14569,18497395,56768257
14585,564130687,56768257
14586,8.08E+17,228661663
14594,7.06E+17,2179481667
14611,385844173,7.71E+17
14612,385844173,56768257
14613,9.11E+17,16106584
14649,313341692,4100104581
14671,2457511662,528680554
14673,2294992634,55050779
14733,196404316,747382812
14734,99348139,8.19E+17
14739,2793066487,2793066487
14740,2793066487,2793066487
14745,2793066487,2793066487
14749,2793066487,2793066487
14750,2793066487,2793066487
14752,2793066487,2793066487
14754,2793066487,2793066487
14755,2793066487,2793066487
14757,2793066487,2793066487
14767,2793066487,2793066487
14770,2793066487,2793066487
14773,2793066487,2793066487
14774,2793066487,2793066487
14776,2793066487,2793066487
14778,2793066487,2793066487
14780,2793066487,2793066487
14781,2793066487,2793066487
14782,2793066487,2793066487
14784,2793066487,2793066487
14785,2793066487,2793066487
14786,2793066487,2793066487
14787,2793066487,2793066487
14788,2927813462,23917829
14789,2793066487,2793066487
14791,2793066487,2793066487
14800,16563147,16563147
14811,471377703,542634731
14824,4429531393,2592153931
14826,2942926391,7.94E+17
14838,2942926391,7.94E+17
14853,111167436,2793066487
14866,8.12E+17,2666936809
14898,3255856068,7334062
14899,2814040284,2814040284
14900,2814040284,2814040284
14901,439267102,7.71E+17
14926,8.30E+17,8.86E+17
14939,979693926,56768257
14968,2804329145,473504628
14976,2983883508,1684625450
14983,228661663,1803006702
14987,8.26E+17,102600230
14992,3400703591,1722978865
15008,74405951,6351572
15013,81946510,21946225
15068,8.98E+17,16106584
15072,8.90E+17,22493135
15073,22493135,22493135
15100,1089808014,56768257
15109,3018053592,56768257
15160,8.91E+17,7.71E+17
15179,51266230,15070269
15202,251865403,21452880
15217,3362754372,2789857374
15232,4443451756,2276667542
15236,3242171726,16106584
15237,2904814125,2719079490
15248,9.05E+17,16106584
15278,64145294,16106584
15328,352101645,3741126736
15333,164349995,9352242
15335,9352242,1558996520
15374,55050779,606592561
15388,2411290603,2411290603
15402,7.22E+17,8.66E+17
15403,7.22E+17,1296254912
15429,8.67E+17,8.67E+17
15434,2842094181,8.60E+17
15436,55312926,55312926
15437,8.67E+17,2731097840
15438,3047253051,8.66E+17
15442,8.67E+17,8.67E+17
15451,164349995,8.84E+17
15456,164349995,7.14E+17
15463,1197037934,1197037934
15465,7.14E+17,275705822
15470,734197130,2951963678
15481,6131952,15207358
15491,1979084718,100136358
15493,8.29E+17,60642052
15499,8.29E+17,60642052
15507,164349995,2596659379
15510,2596659379,7.97E+17
15514,9.04E+17,402181258
15516,2882688474,2731097840
15537,1684625450,1684625450
15538,519985383,519985383
15544,35039044,35039044
15545,35039044,35039044
15550,1684625450,1684625450
15555,3422978644,1684625450
15557,4127500633,358545917
15562,1684625450,1684625450
15563,1891898588,231233414
15571,2904870923,20031359
15578,1173601844,788363167
15579,8.85E+17,9.13E+17
15582,510782248,510782248
15585,1684625450,1684625450
15588,8.28E+17,7.71E+17
15594,510782248,510782248
15600,510782248,510782248
15602,8.74E+17,60642052
15617,29372998,29372998
15626,89286461,2334166825
15636,89286461,2334166825
15637,9.15E+17,56768257
15650,8.88E+17,8.88E+17
15653,2842094181,2842094181
15655,7.68E+17,7.71E+17
15663,132043751,3107110095
15671,1194589159,7.71E+17
15684,2530819766,7.71E+17
15688,8.73E+17,455261114
15749,105055218,105055218
15760,33356148,7.71E+17
15763,325949439,8.27E+17
15774,236999820,8.54E+17
15783,3094810701,3413279938
15799,591707827,3107789626
15805,201290607,3107110095
15808,51266230,319603324
15809,248111082,3243623863
15815,562277996,8.53E+17
15818,121853848,47124388
15823,22420008,56768257
15845,8.81E+17,3138925188
15855,14941817,188587219
15875,2273832222,7.71E+17
15876,164349995,3151312570
15879,3151312570,2793066487
15884,7.94E+17,7.60E+17
15893,1363448052,229841284
15910,9.16E+17,40827893
15927,15402816,15402816
15934,962789539,962789539
15942,2738477151,2738477151
15951,50938371,4709229663
15968,3769026868,1077339504
15972,3769026868,1077339504
15974,563318843,3105469807
15998,2425120992,444740318
15999,466344377,43754642
16008,9.06E+17,2882688474
16011,4263764172,9.07E+17
16014,8.67E+17,229841284
16025,7.73E+17,45784061
16032,874247498,43754642
16033,2882688474,2731097840
16067,3018803003,1361008842
16070,2533245223,8.50E+17
16080,7.97E+17,2427399818
16085,2842214520,2427399818
16099,28954941,561363429
16103,8.07E+17,7.13E+17
16106,7.26E+17,166240143
16129,8.77E+17,9.16E+17
16132,2974750750,2974750750
16149,9.11E+17,9.09E+17
16153,2740936898,2740936898
16172,9.24E+17,7.97E+17
16181,9.12E+17,7.39E+17
16187,419367459,419367459
16189,8.51E+17,8.89E+17
16195,2240470061,7.35E+17
16217,1541096257,3301090771
16242,7.83E+17,20479813
16259,83765450,7.97E+17
16264,7.34E+17,7.71E+17
16277,8.92E+17,274109065
16280,2942926391,7.97E+17
16283,2942926391,2998899257
16295,8.21E+17,298942872
16313,22166232,37660122
16320,7901102,429523010
16321,444534532,749129797
16329,9.09E+17,7.71E+17
16338,7.61E+17,56768257
16340,8.95E+17,7.71E+17
16342,89159258,4571328341
16345,9.11E+17,2698297343
16359,1619065728,56768257
16380,18076440,18076440
16381,8.54E+17,7.93E+17
16386,2810395514,9.09E+17
16387,18076440,18076440
16394,2393620658,2919308995
16413,2814040284,2814040284
16414,2814040284,2814040284
16419,8.54E+17,8.73E+17
16522,2793066487,2793066487
16532,2793066487,7.97E+17
16536,2958178009,2958178009
16549,7.94E+17,8.94E+17
16555,369741860,7.71E+17
16587,17956471,3720480263
16590,393756935,393756935
16596,393756935,393756935
16609,393756935,393756935
16622,393756935,393756935
16623,7.13E+17,7.97E+17
16624,393756935,393756935
16630,393756935,393756935
16632,2785446020,2571977750
16638,393756935,393756935
16641,8.87E+17,8.73E+17
16656,1963376288,154376291
16657,9.13E+17,9.13E+17
16663,8.63E+17,3000319694
16668,393756935,2790113098
16683,393756935,393756935
16685,1611995112,1611995112
16687,1611995112,2240470061
16689,1252271881,2571977750
16698,349937583,429523010
16699,3000319694,7.39E+17
16734,1037766170,3221957964
16750,3221957964,3107110095
16765,277845600,56768257
16768,9.12E+17,16106584
16796,4862611007,112614146
16797,8.21E+17,2946391534
16798,4862611007,112614146
16799,4862611007,112614146
16802,4862611007,112614146
16808,62063303,3219944390
16809,4862611007,112614146
16845,863954665,21728303
16847,3027120779,56768257
16860,952899468,19313066
16862,952899468,9.13E+17
16879,4862611007,112614146
16886,19313066,240946410
16893,240946410,7.71E+17
16896,9.13E+17,56768257
16898,17028578,7.71E+17
16899,207638718,56768257
16900,111167436,8.86E+17
16911,9.03E+17,8.67E+17
16912,51266230,2588321996
16922,3166107756,3166107756
16924,17998926,7.97E+17
16932,8.14E+17,28954941
16964,28597450,3422978644
16965,2602501218,8.41E+17
16982,28597450,28597450
16983,8.48E+17,7.97E+17
16989,1355174486,7.97E+17
16990,67879486,7.71E+17
17020,3112342244,557563
17029,23931804,7.57E+17
17034,2571977750,2571977750
17035,7.57E+17,23931804
17041,8.58E+17,7.71E+17
17042,7.22E+17,7.22E+17
17043,9.13E+17,557563
17046,3438573839,2690765510
17049,47319241,1651858110
17054,386816937,7.97E+17
17060,112614146,8.76E+17
17062,7.40E+17,56768257
17078,2837685803,7.97E+17
17081,557563,3112342244
17088,7.97E+17,8.89E+17
17091,4423997592,2474023578
17094,1651858110,7.97E+17
17095,55883048,159708757
17100,7.97E+17,580543451
17107,7.97E+17,8.86E+17
17125,1363448052,732079940
17133,7.76E+17,2474023578
17134,274109065,9.09E+17
17140,3552850516,8.30E+17
17155,9.00E+17,8.52E+17
17159,8.44E+17,1252571708
17169,8.42E+17,253708194
17171,8.94E+17,7.23E+17
17172,8.57E+17,420810311
17202,8.70E+17,7.71E+17
17210,1149600259,56768257
17217,8.30E+17,56768257
17220,7.28E+17,56768257
17234,279359839,56768257
17242,119545012,3430650405
17247,47064235,53979469
17257,274109576,2951963678
17275,4862611007,112614146
17279,8.99E+17,14591339
17299,9.22E+17,3008417929
17313,28544480,56768257
17321,7.17E+17,1004731904
17338,7.31E+17,7.71E+17
17339,2959191198,7.97E+17
17341,1177304034,7.97E+17
17346,197042544,16106584
17370,8.59E+17,56768257
17376,7.56E+17,7.56E+17
17378,7.17E+17,7.71E+17
17381,3366147743,89765059
17386,37935185,17264476
17401,2541223472,2541223472
17409,4228839565,4228839565
17441,4228839565,4228839565
17475,7.44E+17,56768257
17488,8.28E+17,8.66E+17
17497,3432944113,8.42E+17
17505,2413467890,196168350
17508,8.88E+17,8.70E+17
17513,289845383,7.71E+17
17514,8.99E+17,7.71E+17
17531,8.27E+17,56768257
17534,209189571,7.97E+17
17541,3457078040,56768257
17542,624958794,7.71E+17
17543,928614380,56768257
17560,8.89E+17,7.71E+17
17573,78233414,56768257
17586,25136621,56768257
17593,35231502,65016988
17596,8.84E+17,7.97E+17
17617,2840106155,1408491301
17624,1061799661,56768257
17625,8.53E+17,3669231501
17676,8.50E+17,56768257
17698,8.70E+17,8.70E+17
17700,8.70E+17,8.70E+17
17709,35565544,3403753307
17720,3403753307,35565544
17727,4165773914,4165773914
17741,164349995,1463111
17763,7.12E+17,8.78E+17
17764,3246079228,9.07E+17
17773,46331074,8.86E+17
17782,164349995,1463111
17789,164349995,1463111
17796,8.68E+17,56768257
17805,8.27E+17,16106584
17808,2541223472,61662979
17820,9.15E+17,256882188
17829,9.24E+17,8.33E+17
17840,36760760,36760760
17842,36760760,1363448052
17863,164349995,3183373562
17873,279897935,45281719
17874,181721442,7.97E+17
17876,3351297111,8.78E+17
17878,7.63E+17,7.58E+17
17880,18531766,24034702
17900,8.53E+17,56768257
17907,8.86E+17,7.71E+17
17909,7.30E+17,7.30E+17
17912,7.30E+17,7.30E+17
17951,208078027,56768257
17962,1574004006,56768257
17967,8.48E+17,8.48E+17
17971,1430957773,1702797295
17973,8.48E+17,8.48E+17
17976,8.15E+17,56768257
17986,23423005,23423005
17990,64131711,626729461
17991,3391423107,56768257
17995,296596887,56768257
18009,3352406494,35231502
18012,8.23E+17,8.97E+17
18014,8.73E+17,56768257
18032,8.30E+17,7.71E+17
18033,702487108,281877818
18038,8.37E+17,56768257
18040,2409118926,56768257
18053,2846136124,3106787658
18063,2416448082,56768257
18068,8.65E+17,7.71E+17
18088,8.14E+17,20776597
18090,1525744884,56768257
18103,3018803003,866937038
18106,3029122823,16106584
18113,2484299220,16106584
18137,7.94E+17,8.33E+17
18141,8.03E+17,9.07E+17
18142,2919854896,7.97E+17
18143,7.13E+17,7.97E+17
18168,8.79E+17,56768257
18181,113098434,17214479
18190,2563502107,8.86E+17
18194,318069041,717871956
18199,14203895,108048373
18208,282100848,3029122823
18211,8.68E+17,2488096033
18213,7.34E+17,56768257
18223,1442814872,56768257
18227,3404287505,1486258771
18239,1869951139,9.07E+17
18252,8.83E+17,8.83E+17
18256,8.83E+17,8.66E+17
18267,443823461,2430747229
18275,9.14E+17,1258447633
18311,443823461,2430747229
18313,3001528310,16106584
18316,3137072504,7.97E+17
18317,8.28E+17,7.97E+17
18319,7.43E+17,56768257
18341,8.18E+17,7.71E+17
18345,7.50E+17,7.97E+17
18360,1430957773,1702797295
18363,909460368,56768257
18368,8.86E+17,546245607
18377,3306319892,9.13E+17
18387,8.41E+17,4893274648
18389,35231502,193698236
18390,3204713968,8.67E+17
18392,8.31E+17,2271896005
18401,348228781,56768257
18412,7.35E+17,56768257
18414,2778280431,8.33E+17
18416,252025290,7.71E+17
18417,1063797278,4893274648
18419,2778280431,16106584
18442,8.98E+17,7.97E+17
18448,76181029,717871956
18461,8.90E+17,9.13E+17
18470,2210422501,909919380
18475,9.11E+17,159708757
18480,8.05E+17,201936181
18485,985563240,7.71E+17
18488,8.70E+17,8.88E+17
18493,9.13E+17,7.60E+17
18508,2942926391,56768257
18515,7.86E+17,56768257
18524,293470702,8.33E+17
18535,78810716,78810716
18538,576409642,56768257
18548,4226957373,3225688142
18552,1190389285,14998578
18561,394690813,7.71E+17
18565,2766054930,8.66E+17
18572,2575007515,2951963678
18573,8.77E+17,7.97E+17
18574,2990890175,16106584
18591,7.94E+17,7.94E+17
18619,7.50E+17,8.07E+17
18630,47598991,409817356
18638,2766054930,8.66E+17
18640,1235258041,1235258041
18646,8.94E+17,56768257
18648,8.60E+17,56768257
18651,2239306808,7.97E+17
18655,2240470061,7.60E+17
18658,8.34E+17,7.60E+17
18659,486013148,7.60E+17
18669,194248178,8.24E+17
18678,7.26E+17,56768257
18679,9.20E+17,7.97E+17
18686,2521161222,7.71E+17
18689,3423429441,7.97E+17
18708,9.02E+17,16106584
18725,3257409882,3257409882
18736,9.12E+17,9.12E+17
18741,9.12E+17,7.97E+17
18742,7.91E+17,7.71E+17
18755,532727261,7.97E+17
18760,176621299,56768257
18771,2430747229,7.97E+17
18774,9.02E+17,9.13E+17
18778,1684625450,15051912
18789,8.95E+17,56768257
18790,59093625,56768257
18795,81773138,717871956
18802,993543378,7.71E+17
18818,8.24E+17,8.16E+17
18826,7.55E+17,56768257
18834,2854052726,7.71E+17
18843,134931500,7.97E+17
18844,7.34E+17,56768257
18845,8.53E+17,8.53E+17
18861,8.81E+17,7.71E+17
18862,381038525,56768257
18868,3157262446,56768257
18874,7.28E+17,7.97E+17
18875,72145083,89765059
18891,9.14E+17,56768257
18905,7.13E+17,2541223472
18908,7.14E+17,16106584
18911,23931804,198779440
18913,53159161,7.97E+17
18917,4503491,3814660097
18918,20263854,20263854
18924,8.49E+17,8.49E+17
18937,308953674,56768257
18964,8.71E+17,56768257
18965,14836648,89765059
18968,8.47E+17,56768257
18981,41167751,16106584
19003,8.93E+17,7.71E+17
19022,9.02E+17,16106584
19029,2785446020,56768257
19044,2291565794,8.07E+17
19061,3387511983,8.07E+17
19071,3387511983,7.71E+17
19086,8.44E+17,7.97E+17
19087,2677927273,2677927273
19091,9.06E+17,2677927273
19100,2677927273,8.88E+17
19103,8.63E+17,56768257
19109,16106584,16106584
19122,3018803003,9.15E+17
19123,7.57E+17,56768257
19129,2779621147,56768257
19131,2541223472,7.71E+17
19140,439267102,7.97E+17
19149,3094232415,8.07E+17
19152,8.48E+17,7.97E+17
19157,205833362,16106584
19163,229841284,229841284
19165,294236607,294236607
19177,9.00E+17,56768257
19182,14301286,19550262
19185,229841284,229841284
19186,2983883508,7.97E+17
19192,229841284,8.91E+17
19196,1239875396,7.17E+17
19201,8.32E+17,7.97E+17
19207,1556628348,19247844
19213,191816087,16106584
19214,8.44E+17,7.01E+17
19215,1239875396,7.17E+17
19223,7.90E+17,7.71E+17
19224,8.18E+17,56768257
19230,3027913952,7.97E+17
19235,1262818855,56768257
19270,21122332,7.62E+17
19278,9.19E+17,56768257
19285,9.17E+17,159708757
19290,8.88E+17,7.97E+17
19296,20776597,7.71E+17
19298,7.73E+17,56768257
19303,114605310,56768257
19310,40841522,56768257
19313,22166232,7.97E+17
19316,1239875396,7.17E+17
19328,7.80E+17,56768257
19330,8.81E+17,56768257
19333,7.63E+17,7.97E+17
19341,396607221,56768257
19343,9.13E+17,56768257
19359,1960743260,2951963678
19362,251041787,7.97E+17
19365,8.98E+17,7.71E+17
19368,7.44E+17,9.13E+17
19372,105970593,7.97E+17
19373,8.23E+17,2951963678
19383,2975073528,7.71E+17
19394,4118568983,4893274648
19399,379000801,7.71E+17
19401,2814040284,2814040284
19402,2814040284,2814040284
19408,7.85E+17,56768257
19409,8.38E+17,7.71E+17
19414,9.15E+17,7.71E+17
19421,3310972141,16106584
19431,2603407614,56768257
19443,159382802,7.71E+17
19458,9.06E+17,16106584
19467,193698236,35231502
19490,8.82E+17,7.97E+17
19531,3710675052,393756935
19534,7.08E+17,7.97E+17
19544,23931804,8.05E+17
19550,4867030325,7.97E+17
19551,3264386295,226346115
19556,8.07E+17,8.07E+17
19559,3425279217,16106584
19564,8.26E+17,7.97E+17
19569,8.70E+17,7.97E+17
19570,3033614371,16106584
19571,8.26E+17,16106584
19573,198779440,198779440
19577,3033614371,16106584
19581,2889015638,2889015638
19583,8.92E+17,8.73E+17
19585,198779440,198779440
19586,7.38E+17,2152073430
19592,8.70E+17,7.97E+17
19601,7.97E+17,7.97E+17
19602,7.97E+17,439555636
19605,95697038,95697038
19611,36760760,263288964
19615,7.97E+17,198779440
19628,159382802,56768257
19638,198779440,7.97E+17
19639,20160570,20160570
19646,1030024322,1030024322
19648,9.13E+17,7.39E+17
19650,1030024322,1053060308
19651,7.97E+17,16106584
19655,898899733,29593772
19658,14467170,7.21E+17
19660,352702634,16747981
19663,291420544,169424116
19667,1190389285,424806929
19685,25246758,2951963678
19691,1053060308,212049100
19696,1486744616,326236006
19700,1684625450,1684625450
19708,3367907675,7.39E+17
19712,29368528,61662979
19724,2858665159,2858665159
19726,188414672,606592561
19734,7.33E+17,4893274648
19735,8.83E+17,2951963678
19738,3029122823,3932513296
19741,9.08E+17,16106584
19744,197984281,16106584
19751,2858665159,606592561
19752,7.42E+17,8.28E+17
19753,3409001615,56768257
19759,4846792027,2951963678
19763,2858665159,8.66E+17
19773,1560285210,8.70E+17
19776,3063615107,4861215785
19779,4861215785,7.39E+17
19783,4218790817,4218790817
19790,598064110,16106584
19791,8.50E+17,757169850
19793,1949272500,16868991
19795,3438641261,16106584
19806,9.24E+17,2951963678
19812,4884088424,25768877
19814,8.90E+17,2951963678
19824,32677335,32677335
19826,9.18E+17,2951963678
19828,8.37E+17,16106584
19832,9.18E+17,16106584
19833,1560285210,3214130809
19838,7.65E+17,8.15E+17
19839,235739862,2951963678
19840,16068522,16106584
19844,2766054930,2951963678
19848,7.23E+17,16106584
19854,757169850,16106584
19858,7.27E+17,16106584
19863,3962688377,16106584
19865,7.55E+17,16106584
19870,8.64E+17,15383021
19872,8.72E+17,9.14E+17
19875,8.72E+17,9.14E+17
19884,274109576,8.66E+17
19887,7.55E+17,9.13E+17
19888,2766054930,105525757
19889,9.09E+17,4893274648
19894,2766054930,8.66E+17
19903,8.21E+17,4893274648
19904,8.44E+17,7.97E+17
19905,2842214520,2560382833
19906,474609984,8.15E+17
19908,105525757,8.15E+17
19912,393756935,393756935
19915,2858665159,9.05E+17
19916,9.06E+17,7.97E+17
19918,393756935,393756935
19928,2858665159,606592561
19930,2331344983,8.66E+17
19931,1614176431,7.97E+17
19934,274109576,161163433
19946,7.50E+17,2951963678
19947,2418706076,2418706076
19948,8.36E+17,8.86E+17
19956,1190389285,56768257
19965,394886322,56768257
19981,8.86E+17,9.13E+17
19991,1242998150,9.13E+17
20003,3230388598,19685572
20048,7.59E+17,7.59E+17
20053,3146777341,8.76E+17
20060,8.05E+17,606592561
20069,1158414818,1158414818
20071,8.05E+17,8.05E+17
20074,8.05E+17,606592561
20077,35231502,35231502
20078,7.88E+17,9.13E+17
20082,2321698795,9.23E+17
20085,321301250,274991683
20095,974304685,9.13E+17
20126,3348028324,424806929
20130,3071554640,56768257
20138,8.52E+17,56768257
20143,2388365300,739607592
20173,8.66E+17,64145294
20176,9.23E+17,2321698795
20178,3713505432,433112513
20179,9.09E+17,2478660487
20180,7.85E+17,56768257
20184,9.16E+17,8.46E+17
20188,720775608,9.17E+17
20190,70816425,424806929
20192,119027883,56768257
20198,8.26E+17,2321698795
20199,396873563,8.73E+17
20200,3352406494,56768257
20225,46581397,19247844
20252,3367683683,37197577
20257,8.94E+17,2986560395
20265,3367683683,3367683683
20284,2844058193,7.39E+17
20286,3932513296,7.39E+17
20321,3232185336,8.29E+17
20325,7.89E+17,2951963678
20329,8.96E+17,16106584
20334,225071374,930178296
20342,3403753307,189928329
20349,7.93E+17,205833362
20353,8.48E+17,315341279
20354,58282687,3307670633
20356,205833362,8.68E+17
20357,205833362,8.68E+17
20358,193698236,3004346018
20389,2423373294,16106584
20403,3069212246,4825855639
20425,289712461,76181029
20428,1291941146,1291941146
20436,2405403886,8.29E+17
20438,50074999,18643437
20473,1296254912,1296254912
20481,1363448052,755387431
20484,755387431,161163433
20505,7.01E+17,8.76E+17
20526,49334220,60032981
20527,15634664,21676596
20535,2877481450,8.31E+17
20537,15634664,21676596
20538,116373042,158815850
20548,1452849596,4871132045
20561,76181029,76181029
20564,8.03E+17,31374402
20567,7.56E+17,8.06E+17
20574,2171905896,59262114
20575,2753249806,2753249806
20578,2156128286,2156128286
20588,95506280,8.56E+17
20589,15070269,49698134
20594,8.29E+17,9.03E+17
20596,1864358582,1864358582
20603,1864358582,1864358582
20616,4191974301,2919308995
20620,2741144210,16106584
20629,21853734,7.52E+17
20631,2839493257,787852411
20635,31295344,1356913268
20644,1491094638,2887988203
20645,2852724185,1676273275
20659,1518239904,166267160
20660,22540035,22540035
20668,1518239904,166267160
20669,2858665159,2997541582
20676,634338292,16906660
20680,633917851,16106584
20681,2986931200,2986931200
20689,519985383,7.12E+17
20697,2316998004,33057171
20701,1589373283,3422978644
20705,1518239904,229841284
20709,55388433,55388433
20711,9.15E+17,7.34E+17
20712,55388433,8.87E+17
20714,15644361,15644361
20736,55388433,453231114
20742,2158342332,8.76E+17
20749,446573378,446573378
20759,519985383,7.82E+17
20761,2650452864,229841284
20768,3403753307,2650452864
20769,260555178,56768257
20770,8.20E+17,9.21E+17
20781,1030024322,2951963678
20823,7.15E+17,126028024
20827,164349995,414141288
20839,414141288,8.76E+17
20844,54666674,280727266
20849,829465538,3405251764
20861,2975073528,16106584
20862,2388947027,277179712
20866,8.54E+17,7.03E+17
20874,1633760636,8.76E+17
20879,2388947027,2388947027
20891,8.86E+17,16106584
20912,3115862648,3115862648
20914,825807648,4191974301
20927,2557992329,7.58E+17
20945,7.34E+17,7.34E+17
20947,328917493,1098401288
20948,2412949434,2571342366
20961,4821118661,9.03E+17
20977,2412949434,2571342366
21000,3351297111,3351297111
21019,18523202,2889984516
21020,328917493,2774509206
21021,18523202,2889984516
21046,385383693,118241252
21055,7.08E+17,76181029
21074,3150613879,2951963678
21092,274109576,429523010
21096,18523202,2889984516
21100,1100999599,1100999599
21141,3832388953,8.43E+17
21148,9.09E+17,9.09E+17
21149,389001829,16106584
21154,915714204,76181029
21155,2521161222,2681474306
21156,2933311775,15070269
21158,93949976,14522617
21167,117966709,14693692
21168,3087712642,8.76E+17
21174,250271998,354658650
21178,9.20E+17,4774781723
21179,117966709,117966709
21183,117966709,14693692
21185,117966709,24291002
21198,2203308966,81331335
21219,715106384,17264476
21225,7.75E+17,8.56E+17
21229,58879383,58879383
21230,9.18E+17,7.03E+17
21239,3000368468,482388629
21248,8.56E+17,7.75E+17
21256,18692815,85646803
21260,8.51E+17,15070269
21265,3864934637,56768257
21267,2313983850,17214479
21270,354889002,7.30E+17
21273,762433496,2957712406
21280,153215361,16106584
21283,1268612959,477002167
21285,8.54E+17,16106584
21288,2833719035,8.43E+17
21290,8.21E+17,1676273275
21304,393756935,393756935
21307,2878078698,17264476
21317,8.07E+17,16106584
21328,4854462551,76181029
21337,2457668076,3306319892
21338,8.74E+17,1676273275
21344,8.75E+17,15446531
21353,199678444,16106584
21359,8.94E+17,14522617
21389,7.11E+17,16364095
21390,32349677,2247969289
21393,235532018,106692657
21403,126284939,15070269
21459,9.13E+17,7.04E+17
21463,8.28E+17,1676273275
21464,1563611642,3042879904
21470,1563611642,76181029
21482,9.03E+17,7.03E+17
21492,4821118661,25071725
21494,201290607,19217369
21495,14823491,7.86E+17
21497,201290607,8.07E+17
21514,2388947027,3033723530
21515,8.07E+17,8.07E+17
21516,7.04E+17,248478594
21526,8.66E+17,8.06E+17
21530,7.87E+17,3832388953
21532,4861760542,2875399360
21534,20445606,16042794
21535,3137835203,1676273275
21539,1665499566,1676273275
21545,57037902,1084921272
21550,9.04E+17,9.04E+17
21568,1722795805,16106584
21579,416333586,1887264847
21586,158562734,171632862
21596,2354049518,14164073
21616,1170961266,9006272
21631,4822663241,32677335
21638,8.10E+17,1612349160
21647,319011115,15070269
21651,1687001383,312725895
21666,175472962,1676273275
21677,111167436,3357675857
21678,387805000,387805000
21750,3391423107,8.78E+17
21757,50938371,2870315974
21758,519985383,76181029
21773,32677335,4822663241
21774,3357318537,444262205
21779,3357318537,3357318537
21783,3357318537,3357318537
21801,8.86E+17,76181029
21802,8.56E+17,771824011
21805,17088060,17088060
21812,519985383,932092225
21813,19884251,15343682
21821,19507726,2623690121
21825,161163433,1676273275
21831,1166107657,1676273275
21833,17088060,196412635
21838,2814040284,2814040284
21839,2814040284,2814040284
21841,2753249806,14693692
21843,9.21E+17,481207841
21848,3398294206,3398294206
21849,7.20E+17,16106584
21852,17088060,17088060
21854,1552573890,15077795
21856,4198141815,2889984516
21857,3379175200,390941970
21858,4871476249,17088060
21876,8.51E+17,24337905
21882,390941970,2277896516
21890,17264476,4303181
21891,4303181,17264476
21900,8.74E+17,8.16E+17
21902,48110911,36803580
21906,1190389285,2381494610
21909,8.16E+17,8.16E+17
21913,7.38E+17,7.03E+17
21919,8.84E+17,1676273275
21925,1190389285,17264476
21932,8.80E+17,8.80E+17
21944,1014712328,76181029
21948,519985383,310999099
21953,519985383,310999099
21961,7.56E+17,205833362
21977,3035382864,16106584
22004,519985383,2614037528
22016,35796746,155096207
22019,519985383,519985383
22022,7.55E+17,16106584
22023,8.70E+17,226346115
22025,19574238,2571342366
22026,8.70E+17,1676273275
22045,7.94E+17,8.89E+17
22053,8.06E+17,166240143
22061,7.88E+17,226346115
22067,9.21E+17,46283365
22070,9.23E+17,2386363226
22071,3119354603,16106584
22087,106340678,76181029
22098,709786405,9.03E+17