,lat,lng,text_polarity
0,-82.862752,135.0,-0.018261904775000004
1,-54.42079150000001,3.3464497000000004,-0.286102295
2,-46.4161802,168.38098349999999,0.35
3,-43.5320544,172.6362254,-0.5
4,-43.526192,172.630302,0.2
5,-42.81983029999999,147.43659540000002,0.033333333
6,-41.4545196,145.9706647,-0.2
7,-41.382413899999996,146.32627219999998,0.0
8,-41.2925754,174.7725276,0.004464285499999998
9,-41.286460299999995,174.776236,0.07268518525
10,-41.1327159,-71.3429846,0.291666667
11,-40.900557,174.88597099999998,0.05141103056521738
12,-40.33677,175.655644,0.75
13,-39.5132506,174.15894619999997,0.0
14,-38.416097,-63.616671999999994,-0.1125
15,-38.1499181,144.3617186,0.43888888900000006
16,-37.8262909,145.1021757,0.3125
17,-37.823,144.998,0.25
18,-37.813627600000004,144.96305759999998,-0.03834030183999999
19,-37.8024833,145.0039876,-0.1
20,-37.770821999999995,144.971781,0.0
21,-37.562158700000005,143.8502556,-0.10666666699999999
22,-37.471307700000004,144.7851531,0.11111111116666667
23,-37.105278000000006,144.065,0.413571429
24,-36.8484597,174.7633315,0.06666666666666667
25,-35.675146999999996,-71.542969,0.06808641966666668
26,-35.4734679,149.0123679,-0.7
27,-35.2809368,149.1300092,0.0
28,-34.9284989,138.6007456,0.1098214285
29,-34.901112700000006,-56.1645314,-0.061111110999999996
30,-34.7682701,138.7885043,-0.17500000000000004
31,-34.6481424,-58.4163799,-0.055555556
32,-34.6036844,-58.381559100000004,0.079861111
33,-34.56722,-58.436885,0.0
34,-34.540494,-58.499686,-0.30000000000000004
35,-33.9248685,18.424055300000003,0.175
36,-33.9142854,151.11409640000002,0.0
37,-33.8982661,151.2040571,-0.21031746
38,-33.8688197,151.2092955,0.07003787877272728
39,-33.5062662,18.4869555,-0.125
40,-33.4488897,-70.66926550000001,0.11888888880000001
41,-33.409983000000004,150.3037323,0.1
42,-33.0291582,27.8545867,0.258928571
43,-32.9437036,151.4583949,0.0
44,-32.9282712,151.78168019999998,0.43333333333333335
45,-32.7427972,116.64596540000001,-0.1
46,-32.3114286,150.8032816,-0.2
47,-31.2532183,146.921099,0.35
48,-30.559482,22.937506,0.005329131647058821
49,-30.0346316,-51.217698600000006,0.2
50,-28.861852000000003,121.335024,0.0
51,-28.5040239,153.4786461,0.0
52,-27.6728168,121.6283098,0.1
53,-27.583820000000003,152.4151975,0.0
54,-27.469770699999998,153.0251235,-0.029338348833333344
55,-27.431944,153.046111,-0.125
56,-27.391666700000002,153.2327778,0.0
57,-26.6638599,25.283758499999998,-0.075823657
58,-26.2041028,28.047305100000003,0.05833333349999999
59,-26.166709899999997,28.0332772,0.0
60,-25.829247199999998,27.962370500000002,0.0
61,-25.8104581,-57.4753833,0.0
62,-25.7657075,28.3374283,0.0022738363243243217
63,-25.7478676,28.2292712,0.044722222166666666
64,-25.424428699999996,-49.265381899999994,0.0
65,-25.287065600000002,152.8385835,0.0
66,-25.274398,133.775136,0.08937288210112358
67,-25.263739899999997,-57.575926,-0.1625
68,-25.2520888,-52.0215415,0.25
69,-24.3767537,-128.3242376,0.35
70,-23.891615100000003,-46.4244141,0.0
71,-23.550519899999998,-46.6333094,0.0859375
72,-23.5015338,-47.452594399999995,0.258928571
73,-23.442503,-58.44383199999999,-0.11666666666666665
74,-23.353745,150.52314099999998,-0.25
75,-22.9121757,-43.3774649,-0.04092377258139535
76,-22.9068467,-43.1728965,0.04629629616666666
77,-22.7359095,140.0187653,0.35
78,-22.328474,24.684866,-0.1
79,-20.9175738,142.7027956,0.121590909
80,-19.9348521,-44.0385702,0.35
81,-19.4914108,132.55096029999999,0.0125
82,-19.470515,-42.529775,0.0
83,-19.015438,29.154857,0.35
84,-18.97991,-48.277419,-0.26666666666666666
85,-18.512178,-44.5550308,0.0
86,-16.962063399999998,26.419389000000002,0.4
87,-16.6868824,-49.2647885,0.0
88,-15.7997654,-47.8644715,0.14761904760000003
89,-14.5994134,-28.6731465,-0.0845833335
90,-14.235004,-51.92528,0.13298208310526316
91,-12.082155,-77.035569,-0.020833333272727274
92,-11.2912916,-55.3342826,0.1476190475
93,-9.189967,-75.015152,-0.4166666666666667
94,-8.783195,34.508523,0.4
95,-8.2093361,113.1720196,0.14285714300000002
96,-8.109052400000001,-79.02153359999998,-0.4
97,-8.094864900000001,-79.0080005,0.35
98,-7.9675395,112.70329450000001,-0.06666666666666667
99,-7.2438557,-35.9266421,0.32499999999999996
100,-6.917463900000001,107.61912279999999,0.8
101,-6.642821400000001,106.82373740000001,0.13636363599999998
102,-6.17511,106.86503950000001,0.11249999999999999
103,-6.1683295,106.75884939999999,0.0
104,-6.1551874,106.552628,0.6
105,-6.1275118,106.65368590000001,0.0
106,-4.269928,138.0803529,-0.45333333350000005
107,-3.7319029,-38.526739299999996,-0.3333333335
108,-3.3704169999999998,-168.734039,0.0
109,-2.9990862999999996,-60.0024625,0.35
110,-2.2179704,115.66283,0.008101851833333359
111,-2.1709979,-79.9223592,-0.125
112,-1.8312389999999998,-78.183406,-0.0422222222
113,-1.2920658999999999,36.821946200000006,0.175
114,-0.789275,113.921327,-0.015763888888888893
115,0.5640036,20.3308814,0.4
116,0.5774645,37.491577299999996,0.0
117,1.352083,103.819836,0.0008998265535714283
118,1.4251684,103.76191920000001,-0.060185185166666676
119,1.4853682,103.7618154,0.0
120,1.5408377,103.80145920000001,0.1
121,1.5480296999999998,103.77373940000001,0.35
122,2.970042,99.0681668,0.0
123,3.0738379,101.5183469,-0.11833333319999999
124,3.141641,101.6819564,0.0
125,3.142329,101.709926,-0.15000000000000002
126,3.4516467000000004,-76.53198540000001,0.0433333334
127,3.9505128,13.914399,0.0
128,4.210483999999999,101.97576600000001,0.14952380957142858
129,4.535277,114.72766899999999,0.4
130,4.5532577000000005,-74.0874714,0.0
131,4.570868,-74.297333,0.0
132,4.66018,-74.05073,0.0
133,4.6844789,-74.104551,-0.1953125
134,4.7109886,-74.072092,0.2
135,4.929753900000001,114.9561365,-0.077777778
136,4.947747799999999,-1.7681688000000002,0.4
137,5.978133000000001,116.071526,0.0
138,6.244203,-75.5812119,0.0
139,6.42375,-66.58973,0.08333333333333333
140,6.5243793,3.3792057,0.125
141,6.7300371,101.30340279999999,-0.1484375
142,7.490821,100.0415603,0.08333333342857142
143,8.4360436,77.00854629999999,0.0
144,8.537981,-80.782127,0.35
145,8.733333,5.6666669999999995,0.4
146,8.8097125,78.1568861,0.0438888885
147,9.9280694,-84.09072459999999,-0.333333333
148,10.117643300000001,-68.04775090000001,-0.30583333349999997
149,10.2157379,-83.7927273,0.35
150,10.3757217,-61.23355920000001,-0.03916666659999999
151,10.480593699999998,-66.90360629999999,0.0
152,10.521457,76.212813,0.0
153,10.691803,-61.222503,-0.053333333499999996
154,11.004107199999998,-74.80698129999999,0.4
155,11.5218308,13.688376500000002,0.1
156,11.544872900000001,104.89216680000001,-0.086904762
157,11.672188,78.068572,-0.35333333349999996
158,11.825138,42.590275,0.0
159,12.371427699999998,-1.5196603000000002,0.2
160,12.865416,-85.207229,0.166666667
161,12.879721,121.77401699999999,0.08749999999999998
162,12.9715987,77.5945627,-0.17203703711111112
163,12.994357,80.200129,0.0
164,13.040881,80.194069,-0.1953125
165,13.0826802,80.2707184,0.0
166,13.193887,-59.543198,0.0
167,13.2222011,80.0949883,0.268181818
168,13.7452307,100.5328367,0.0
169,13.751323900000001,100.5387945,0.35
170,13.794185,-88.89653,0.0
171,14.058323999999999,108.277199,0.0
172,14.586484400000002,121.114876,0.075
173,14.599512400000002,120.98421950000001,0.0375
174,14.609053699999999,121.0222565,0.35
175,14.6213299,121.04301570000001,0.35
176,15.0986624,120.7005044,0.1
177,15.4574301,73.83621190000001,-0.09765625
178,15.463578899999998,73.9580499,0.0
179,17.385044,78.486671,1.0
180,17.426981,78.534018,0.0
181,17.592044899999998,80.69765799999999,0.0
182,17.6868159,83.2184815,-0.2
183,17.75,142.5,0.4
184,18.063357699999997,-66.72738960000001,0.0
185,18.1551337,-65.8203943,0.09833333325
186,18.220833,-66.590149,-0.06325773124137932
187,18.245721600000003,-66.0248514,0.3
188,18.325785,-66.4065592,-0.0026262627272727423
189,18.335765,-64.896335,0.0011904761428571506
190,18.4986812,73.8946624,0.0
191,18.571426100000004,73.7688569,-0.125
192,18.735692999999998,-70.162651,0.6
193,18.960321,72.83144,-0.1
194,18.9684839,72.81214870000001,-0.1506818181818182
195,18.9823539,73.1037244,0.2833333335
196,19.0412967,-98.20619959999999,0.4
197,19.0643174,13.5436913,0.5
198,19.0759837,72.87765590000001,0.3033333334
199,19.176109399999998,72.8343916,0.09126984128571428
200,19.239831,72.845539,0.01818181799999999
201,19.282319199999996,166.647047,0.1
202,19.3794059,-99.1591446,0.19629629633333331
203,19.3896586,72.82621759999999,0.35
204,19.4189875,-99.1758562,-0.15
205,19.433346,-99.14074559999999,0.5
206,19.4791963,-70.6930568,0.2
207,19.5437751,-96.9101806,-0.5458333329999999
208,19.7059504,-101.1949825,0.375
209,19.707094199999997,-155.0884869,0.0
210,19.8967662,-155.58278180000002,0.0
211,19.902648199999998,-75.1001687,0.35
212,20.011737,-75.12162540000001,-0.10666666699999999
213,20.5887932,-100.3898881,0.14861111100000002
214,20.593684,78.96288,0.06925925916666667
215,20.6596988,-103.3496092,0.4
216,20.712854999999998,-103.378539,0.2
217,20.967370199999998,-89.5925857,0.35
218,20.988770199999998,-86.836788,-1.0
219,21.0277644,105.8341598,0.4
220,21.195,72.81944399999999,0.15
221,21.2962334,-157.7019881,0.3
222,21.3069444,-157.8583333,0.36666666700000006
223,21.3155434,-157.8615682,0.0176666667
224,21.422523899999998,39.8261816,-0.4
225,21.469113699999998,-78.65689420000001,-0.65
226,21.4756057,78.6068884,0.0
227,22.1013997,-159.33452759999997,0.0
228,22.258651999999998,71.1923805,0.0
229,22.2767542,114.1705908,0.35
230,22.286483,114.151843,0.321428571
231,22.396428,114.10949699999999,-0.8
232,22.4353882,69.901433,-0.3
233,22.572646,88.363895,-0.4
234,22.6324022,75.8082859,0.048611111
235,22.7169403,75.8834684,-0.2
236,22.717609,75.87431099999999,-0.2672222222
237,22.7205145,75.8618962,0.1
238,22.9734229,78.65689420000001,-0.65
239,23.022505,72.57136209999999,0.0
240,23.039466600000004,72.49922509999999,0.0
241,23.0416729,72.4922888,0.0
242,23.1135925,-82.36659559999998,0.075
243,23.176730300000003,79.9312851,0.1
244,23.2798543,-106.445047,0.35
245,23.634501,-102.552784,0.033075757559999995
246,23.69781,120.96051499999999,0.019999999999999997
247,23.810332,90.4125181,0.5
248,23.885942,45.079162,0.0
249,23.9036873,121.07937050000001,0.433333333
250,24.215526999999998,-12.885834,0.4
251,24.3114358,71.8230371,0.0
252,24.4156723,124.13548459999998,0.0329761905
253,24.453884,54.3773438,0.2
254,24.5550593,-81.7799871,-0.65
255,24.7135517,46.67529570000001,-0.09999999999999998
256,24.8428342,66.99031310000001,0.005555555666666656
257,24.861462200000002,67.00993879999999,0.2
258,25.0,-71.0,0.25
259,25.0329694,121.56541770000001,0.06481481466666666
260,25.084653,-77.32349,0.0
261,25.1565089,-76.1802158,-0.3
262,25.2725728,55.331676,0.0
263,25.304304000000002,-90.06591800000001,0.0
264,25.319143,82.85583100000001,-0.4
265,25.3428048,82.98110759999999,0.1
266,25.4052165,55.5136433,-0.22500000000000003
267,25.4126755,81.8425672,0.4
268,25.5859879,-99.9968167,0.194444444
269,25.592172,-99.9961947,0.1625
270,25.5940947,85.1375645,-0.6
271,25.686614199999998,-100.3161126,0.19999999999999998
272,25.7616798,-80.1917902,0.15704365075
273,25.7664296,-80.1898908,0.35
274,25.7729954,-80.22352540000001,0.15
275,25.782612300000004,-80.1340772,0.20833333333333334
276,25.7917052,-80.1309185,-0.10666666699999999
277,25.8195424,-80.3553302,-0.1916666665
278,25.8475217,87.3277286,0.35
279,25.8973378,-80.36639170000001,0.2
280,25.9366603,-80.2446675,0.14583333333333334
281,25.9564812,-80.1392121,0.0
282,26.0112014,-80.1494901,0.13333333333333333
283,26.122438600000002,-80.13731740000001,0.0
284,26.142035800000002,-81.7948103,0.0
285,26.162996,-81.76015799999999,0.1
286,26.1703525,-98.05195,0.0
287,26.2159066,-98.3252932,0.13636363599999998
288,26.249117,-98.22276600000001,0.0
289,26.3107774,-80.2532249,0.35
290,26.3160619,-80.0881213,0.1
291,26.3344266,127.80558319999999,-0.2
292,26.4614625,-80.07282009999999,0.125
293,26.462846999999996,80.243033,-0.15555555599999998
294,26.5628537,-81.94953309999998,0.25
295,26.640628000000003,-81.87230840000001,-3.47e-18
296,26.653809499999998,-81.5925427,-0.10666666699999999
297,26.667815899999997,-80.2653208,0.0
298,26.7153424,-80.0533746,0.026470588411764705
299,26.8907995,75.79450440000001,0.019340277833333346
300,26.911626899999998,70.91497240000001,0.0
301,26.963640100000003,-80.1121493,0.2
302,27.098525899999995,-80.15087890000001,0.0
303,27.200555100000003,78.00574499999999,-1.0
304,27.230709700000002,-81.9133046,-0.03922784392592592
305,27.273049199999996,-80.3582261,-0.0253224206036036
306,27.387766499999998,-82.6400051,-0.2
307,27.4158168,77.67079240000001,-0.10666666699999999
308,27.575511,-99.4681582,0.09232366176190476
309,27.664827399999997,-81.5157535,-0.009485385854166667
310,27.7034637,113.14439809999999,0.0
311,27.727307899999996,-82.3870754,0.175
312,27.751828399999997,-82.6267345,0.0
313,27.763383,-82.5436722,0.5
314,27.764021999999997,-82.66904,0.0948095238
315,27.790397,-82.34268900000001,-0.325
316,27.800409000000002,-97.391947,0.15
317,27.800582799999997,-97.396381,0.0
318,27.8302613,-82.6921551,0.2
319,27.8428025,-82.6995443,0.4
320,27.950575,-82.4571776,-0.08125
321,27.961149,-82.46400799999999,0.02519841266666667
322,28.020573300000002,-97.0544341,0.0
323,28.022484999999996,-82.7185219,0.0
324,28.035296399999996,-82.38925959999999,0.0
325,28.1403335,-82.2895157,0.13636363599999998
326,28.225547,-81.646609,0.0
327,28.2716755,-82.71954509999999,0.175
328,28.274476300000003,-82.6676594,0.06
329,28.291563699999998,-16.6291304,-1.0
330,28.320006699999997,-80.6075513,0.0
331,28.359313300000004,-81.5605083,0.05
332,28.3636015,-80.7460446,0.0
333,28.410484499999995,-81.582263,0.1
334,28.4162817,77.076484,-0.10666666699999999
335,28.4743207,-81.4678193,0.0
336,28.5336848,-80.7996704,0.4
337,28.5383355,-81.3792365,0.03293650788888888
338,28.561866100000003,-80.8343753,-0.4
339,28.5680408,-82.36135300000001,0.4
340,28.568269800000003,77.24700370000001,-0.325
341,28.581733000000003,77.4407816,1.0
342,28.5899105,77.2252178,0.0
343,28.599999800000003,-81.3392352,0.175
344,28.602427399999996,-81.2000599,0.8
345,28.611047999999997,77.03237209999999,-0.238888889
346,28.6139391,77.20902120000001,0.4666666666666666
347,28.677479499999997,-99.8281104,-0.016666667
348,28.699781,-81.332639,0.0
349,28.702847,-81.77870209999999,0.125
350,28.731044,77.12982,-0.3
351,29.139562100000003,-82.10982209999999,-0.031333333399999996
352,29.187198600000002,-82.14009229999999,0.6
353,29.197201399999997,-82.1033621,0.3222222223333333
354,29.2108147,-81.02283309999999,-0.036111111
355,29.4238472,-95.2441009,0.0
356,29.4241219,-98.4936282,-0.04275816204166666
357,29.4442648,-81.17385859999999,-0.10666666699999999
358,29.444763199999997,-98.4816998,-0.1625
359,29.474372999999996,-98.37906690000001,-0.17569444449999996
360,29.4886446,-98.4588329,-0.2
361,29.5170728,-98.4170523,-0.1
362,29.5207227,-83.1649001,-0.2
363,29.6196787,-95.6349463,0.2333333333333333
364,29.643493900000003,-98.424366,0.0
365,29.6516344,-82.3248262,-0.65
366,29.67711,-96.903522,0.4
367,29.718024800000002,-81.5081338,-0.033333333
368,29.740795000000002,-95.37563440000001,0.4
369,29.746890000000004,-95.3725285,0.0
370,29.748930699999995,-95.3759909,-0.2
371,29.7601082,-95.3656107,0.12499999999999999
372,29.7604267,-95.36980279999999,-0.0416094771372549
373,29.7683914,-95.22924379999999,0.0
374,29.7798703,-95.45618929999999,0.125
375,29.8004478,-95.3991907,0.0
376,29.8534201,-95.5149465,-0.6
377,29.8811048,-97.98517240000001,0.0
378,29.884950399999997,-93.939947,0.8
379,29.949451,-95.6020939,0.0
380,29.9510658,-90.0715323,0.016666666750000003
381,29.9743803,-93.9923965,0.1
382,30.040224699999996,-95.460286,0.2
383,30.047991999999997,-94.33574329999999,0.35
384,30.0532549,31.203778999999997,0.35
385,30.0567989,-95.43771109999999,0.0
386,30.097642999999998,-97.307347,0.8
387,30.1301689,-84.35420490000001,0.0
388,30.158812899999997,-85.6602058,-0.26666666666666666
389,30.1658207,-95.4612625,0.05
390,30.1765914,-85.8054879,0.0
391,30.186209499999997,-85.7254933,0.0
392,30.1951244,-81.827985,0.04
393,30.226594899999995,-93.21737579999999,0.0
394,30.2325467,-93.1135017,0.138095238
395,30.2454776,-85.648261,0.5
396,30.2478021,-97.7506468,0.21718749999999998
397,30.264006899999995,-97.7447988,0.0
398,30.267153000000004,-97.7430608,0.03461132362500001
399,30.272287100000003,-81.3994725,0.4
400,30.283840500000004,-95.4481122,0.0
401,30.284710999999998,-81.60124,0.1
402,30.323920899999997,-81.3950309,0.0
403,30.3313722,-97.733102,0.0
404,30.3321838,-81.655651,0.0345238095
405,30.332361300000002,-97.509557,0.13636363599999998
406,30.335265000000003,-97.721211,-0.6
407,30.341278000000003,-97.701657,0.0
408,30.362692699999997,-91.0709371,-0.1
409,30.367419800000004,-89.0928155,0.0
410,30.375897,-97.7824382,-0.65
411,30.3781788,76.7766974,0.13636363599999998
412,30.3792089,-97.7303179,0.35
413,30.385755,-88.6116854,-0.02815981240000001
414,30.420070799999998,-86.6170308,0.3375
415,30.421309,-87.2169149,0.2366666668
416,30.4382559,-84.2807329,0.05666666659999999
417,30.438804100000002,-90.4414762,-0.6
418,30.4548451,-97.62226650000001,0.41666666700000005
419,30.459234999999996,-88.938636,-0.3666666665
420,30.4916523,-97.72428620000001,-0.8
421,30.505197999999996,-97.82028879999999,-0.203125
422,30.509488,-87.208089,0.0
423,30.5363151,114.31730060000001,0.15833333333333335
424,30.541926899999996,-103.8426108,-0.0625
425,30.562086800000003,-81.790526,0.333333333
426,30.6212436,-87.055676,0.35
427,30.627977,-96.3344068,0.35
428,30.6842401,-96.3193,0.025
429,30.6959406,-88.184236,0.0
430,30.6991887,-91.1503169,0.02839285720000001
431,30.721022700000002,-86.1152184,0.35
432,30.821467300000002,-89.5203242,0.0
433,30.984297700000003,-91.9623327,0.019114583312499996
434,31.046051000000002,34.851612,0.02638888891666667
435,31.0675,81.3119444,0.0
436,31.193852000000003,121.70191200000001,0.2
437,31.2000924,29.9187387,0.0
438,31.2074197,-83.25015479999999,0.4
439,31.212851,121.45012849999999,0.0
440,31.2441803,-89.8730972,0.0
441,31.360425899999996,-88.5861022,1.0
442,31.549333,-97.1466695,0.675
443,31.553583500000002,-110.26754209999999,0.7
444,31.616653999999997,-101.5790972,-0.1
445,31.6313037,76.4680633,0.4
446,31.700694300000002,-106.25657350000002,-0.8
447,31.7128683,-110.0675764,0.0
448,31.7607195,-93.0862749,0.425
449,31.7618778,-106.48502169999999,-0.1375
450,31.7709233,35.2284626,0.30909090899999997
451,31.7782258,35.19618320000001,0.033333333
452,31.8697255,-106.401284,0.0
453,31.968598800000002,-99.9018131,-0.00844986682876712
454,31.9973456,-102.0779146,0.0
455,32.0035477,-80.97372299999999,0.0
456,32.039825,-102.156818,0.0
457,32.0418842,-81.1917572,-0.5
458,32.055664,-81.100521,-0.8
459,32.0835407,-81.0998342,0.19166666666666665
460,32.1656221,-82.9000751,0.013759121828571428
461,32.2217429,-110.926479,0.0
462,32.2947732,-81.23536120000001,0.0
463,32.298757300000005,-90.1848103,-0.5
464,32.3126419,-88.7358376,0.0
465,32.3159894,-94.51659129999999,-0.65
466,32.3182314,-86.902298,-0.02575757577777778
467,32.3199396,-106.7636538,-0.125
468,32.3523807,-92.6816697,0.0
469,32.3593117,-95.7257968,0.1555411256
470,32.4487364,-99.7331439,0.35
471,32.4609764,-84.9877094,0.4
472,32.498552399999994,-116.8516471,0.0
473,32.5007037,-94.74048909999999,0.4
474,32.5184775,-92.1476353,-0.010000000000000009
475,32.5251516,-93.75017890000001,-0.3
476,32.5420821,-97.32084920000001,0.175
477,32.6098566,-85.48078249999999,0.025
478,32.6245389,-115.45226229999999,0.028571428571428574
479,32.6400541,-117.0841955,-0.5
480,32.656913,-95.4624295,0.0
481,32.6781085,-117.0991967,0.1
482,32.678467100000006,-91.1826094,0.006249999999999992
483,32.691152100000004,-96.45278909999999,0.0
484,32.715738,-117.1610838,-0.09411976915384615
485,32.7323884,-117.03718149999999,-0.16666666666666666
486,32.7376001,-101.950992,0.0
487,32.744774,-116.998916,0.175
488,32.7487616,-96.8284267,-0.066666667
489,32.7534721,-79.95284509999999,0.0
490,32.754119,-97.332482,0.05243055562499999
491,32.7554883,-97.3307658,0.30555555566666665
492,32.758070000000004,-97.353785,0.0
493,32.776474900000004,-79.9310512,0.003030302999999998
494,32.7766642,-96.7969879,0.11197916664285715
495,32.7969479,-117.25481380000001,0.4
496,32.79822539999999,-96.8052301,0.35
497,32.8024577,-117.23558510000001,-0.19166666699999999
498,32.8026935,-117.2592987,0.041815476000000004
499,32.8031004,130.70789109999998,0.0
500,32.814017699999994,-96.9488945,-0.222222222
501,32.8208595,-116.9633299,0.35
502,32.8342952,-97.22890290000001,0.2
503,32.8350695,-117.1867575,0.0
504,32.842856,-117.27502379999999,-0.125
505,32.8475528,-115.56943909999998,-0.111111111
506,32.8735049,-97.26810259999999,0.033333333
507,32.8980036,-97.04001550000001,0.0
508,32.8998091,-97.0403352,-0.325
509,32.9110027,-111.7733902,0.0
510,32.9265137,-96.89611509999999,0.0875
511,32.9298674,-96.82032480000001,0.1
512,32.9342919,-97.07806540000001,0.4
513,32.948333500000004,-96.72985190000001,-0.016666667
514,32.9524458,-96.6106078,0.4
515,32.9656893,-117.1172557,0.0
516,33.005365999999995,-96.981052,0.0
517,33.006652100000004,-96.6623061,0.044871795
518,33.0145673,-97.0969552,0.0
519,33.0198431,-96.6988856,-0.11642857150000001
520,33.058106300000006,-112.04764229999999,-0.65
521,33.0608401,-96.7049646,0.04166666675
522,33.0867723,-97.0659783,0.5
523,33.0881347,-96.6696705,0.0
524,33.104197,-94.88055609999999,-0.055555556
525,33.1801161,-96.49804240000002,0.0
526,33.2024551,-117.2423369,0.0
527,33.206648,-82.389809,-0.10666666699999999
528,33.207488,-97.1525862,0.0
529,33.2098407,-87.5691735,0.4
530,33.236669899999995,-116.43943999999999,-0.145833333
531,33.260071999999994,-86.799699,0.4
532,33.2691443,-83.9532571,0.14285714300000002
533,33.297610999999996,44.0817686,0.4
534,33.306117900000004,-86.80465749999999,-0.013888888999999996
535,33.3061605,-111.8412502,0.0
536,33.3528264,-111.789027,0.0
537,33.402603899999995,-112.00275590000001,0.13333333349999998
538,33.4147945,-111.5678021,-0.13852607099209488
539,33.4151843,-111.83147240000001,0.025
540,33.425289299999996,-111.93969820000001,0.4
541,33.4273521,-117.61260039999999,0.2142857145
542,33.431043,-111.9392393,0.35
543,33.4483771,-112.07403729999999,0.06485783586842105
544,33.4499366,-112.0746619,0.1
545,33.4503998,-88.8183872,0.35
546,33.450727,-112.136427,-0.03537990200000001
547,33.4672256,-117.6981014,-0.65
548,33.468950899999996,-112.50655230000001,-0.37833333319999995
549,33.4734978,-82.0105148,0.2
550,33.4749531,-81.9651946,0.0
551,33.4905761,-112.0787111,0.1
552,33.494170399999994,-111.9260519,0.0
553,33.5061498,-117.65733870000001,-0.125
554,33.5173577,-82.0756734,0.0
555,33.518004499999996,-86.8011868,-0.018472222166666635
556,33.518661699999996,-86.80940240000001,0.0
557,33.5206608,-86.80249,0.06020408157142858
558,33.526849,-84.2399604,0.07499999999999998
559,33.5356553,-84.3719273,0.35
560,33.5408784,-117.78104420000001,-0.125
561,33.5445586,73.0561387,-0.6
562,33.545100399999995,-112.11805790000001,-0.625
563,33.553278399999996,-117.6656687,-0.291666667
564,33.5556614,-85.8999661,0.4
565,33.573009000000006,-85.08765490000002,0.0
566,33.5778631,-101.85516650000001,0.0
567,33.5830475,-112.05169860000001,-0.65
568,33.5834068,-111.9299863,0.0
569,33.591643299999994,-117.69866040000001,-0.1
570,33.6259414,-97.1333453,-0.4
571,33.6336714,-111.92525079999999,-0.16666666666666666
572,33.635661799999994,-96.60888050000001,0.0
573,33.6407282,-84.4277001,0.0
574,33.6594835,-117.99880259999999,0.5
575,33.66989470000001,-84.299662,0.1
576,33.6729396,-95.5563358,0.0
577,33.6757812,-117.80700890000001,0.08333333333333333
578,33.676972,-117.85219599999999,1.0
579,33.6838102,-117.7345105,-0.01666666666666668
580,33.6845673,-117.82650490000002,-0.4
581,33.686499,-96.585062,0.0
582,33.689060299999994,-78.8866943,0.05
583,33.709630100000005,-84.40414390000001,-0.4
584,33.7174708,-117.83114280000001,-0.4
585,33.7222445,-116.37445559999999,0.1
586,33.7296834,-84.8999462,-0.65
587,33.736447999999996,-84.402721,-0.10666666699999999
588,33.747559499999994,-117.86760749999999,0.0
589,33.7489954,-84.3879824,0.013340891904761901
590,33.7499463,-84.3859905,0.0
591,33.7569567,-116.38935359999998,0.3
592,33.7589523,-118.1322382,0.25
593,33.7643686,-118.1488022,0.0
594,33.7665087,-118.19086159999999,0.0
595,33.770050399999995,-118.1937395,-0.10657407410000001
596,33.7756211,-84.2723426,0.1875
597,33.7816726,-117.88764109999998,0.0
598,33.785214200000006,-116.46717949999999,-0.02857142857142857
599,33.7910706,-118.2453952,-0.1
600,33.791638,-84.389488,0.033538410135303225
601,33.7935589,-84.6368697,0.25
602,33.808160799999996,-84.17019599999999,0.0
603,33.825011200000006,-84.35530759999999,0.4
604,33.830045299999995,-79.10951440000001,0.368181818
605,33.8302961,-116.54529209999998,0.25
606,33.8341689,-118.1407027,0.2
607,33.836081,-81.1637245,0.05821637421052632
608,33.8365932,-117.91430120000001,0.8
609,33.8491816,-118.3884078,0.28571428600000004
610,33.8528917,-96.5617912,0.0
611,33.854721000000005,35.862285,0.0
612,33.858348299999996,-118.0647871,0.4
613,33.8674044,-117.99813870000001,0.5583333335
614,33.8678436,-117.8859409,-0.65
615,33.8752935,-117.56643840000001,-0.10666666699999999
616,33.877771,-84.266816,0.0
617,33.889679799999996,-118.15314679999999,-0.5
618,33.8965374,-118.1580722,-0.4
619,33.8999297,-84.56414699999999,0.0
620,33.907061799999994,-117.15568,0.4
621,33.907112899999994,-118.25146229999999,0.35
622,33.931859100000004,-117.94613700000001,0.0
623,33.9400604,-84.21338270000001,0.25
624,33.9519347,-83.357567,0.2
625,33.9532966,-117.3961192,0.4
626,33.9533487,-117.3961564,0.4
627,33.9577632,-116.51229209999998,0.5
628,33.976817,-118.407293,0.55
629,33.97917929999999,-118.032844,0.6
630,33.981681200000004,-118.22507250000001,-0.25
631,33.988217399999996,-80.9802245,0.45
632,33.9888891,-118.47520420000001,0.08844246033333335
633,33.9942339,-118.4410402,-0.20436507942857143
634,33.99507620000001,-118.4762685,-0.053333333499999996
635,34.0128092,-117.7385717,0.0
636,34.019209000000004,-118.1137143,0.0
637,34.01945429999999,-118.4911912,0.0
638,34.023433700000005,-84.6154897,0.0
639,34.0376406,-118.2341354,0.0
640,34.0401391,-118.42746890000001,0.35
641,34.042762100000004,-118.25365149999999,-0.65
642,34.0474123,-118.24988130000001,0.0
643,34.047863,100.61965529999999,0.35
644,34.0485672,-118.23586909999999,-0.3
645,34.04887479999999,-118.240626,-0.075
646,34.048928100000005,-111.0937311,-0.010041666700000002
647,34.048930799999994,-118.44015459999999,-0.040277777799999984
648,34.0522265,-118.24365959999999,0.3
649,34.0522342,-118.24368490000002,0.022051480714285723
650,34.053679100000004,131.57357530000002,0.0
651,34.0640051,-118.3007013,-0.1185185185
652,34.0653826,-118.37244299999999,0.15
653,34.073620399999996,-118.40035630000001,0.1
654,34.0745498,-118.308526,0.35
655,34.0777945,-118.2655732,0.0
656,34.082599,-118.27233999999999,0.0
657,34.0869409,-118.27020359999999,0.0
658,34.0928092,-118.3286614,-0.3444444443333334
659,34.09751,-117.64838759999999,0.35
660,34.0978838,-118.3536222,0.0
661,34.101487299999995,-84.5193754,0.0023809525
662,34.1077,-118.029619,-0.0654761905
663,34.1082942,-117.63935910000001,-0.8
664,34.1083449,-117.2897652,0.4
665,34.1140497,-83.98110140000001,0.034374999999999996
666,34.1157564,-118.18540420000001,0.1
667,34.1173429,-118.3753081,0.8
668,34.1425078,-118.255075,-0.35
669,34.1438711,-118.34061609999999,0.4
670,34.14426160000001,-118.0019482,0.3666666666666667
671,34.147782899999996,-119.1951074,0.15625
672,34.1489719,-118.451357,0.1
673,34.1500774,-84.8259353,0.30000000000000004
674,34.1504721,-118.3384465,-0.8
675,34.1575304,-118.4885108,0.4
676,34.158315,-118.42209299999999,0.06666666666666667
677,34.168750200000005,73.22149820000001,0.0
678,34.169343100000006,73.2424638,0.029259259
679,34.1748208,-86.84361240000001,0.0
680,34.178616999999996,-118.3121496,0.35
681,34.18083920000001,-118.30896609999998,0.21979166675
682,34.210934,-116.278007,0.1
683,34.233137299999996,-102.4107493,0.12252196712244896
684,34.23676210000001,-84.4907621,0.35
685,34.2381251,-118.530123,0.25
686,34.2384241,-117.2358006,0.0
687,34.253224700000004,-85.17334790000001,0.0
688,34.257038,-85.16467259999999,0.35
689,34.2605266,-110.0987811,0.0
690,34.2694474,-118.78148200000001,0.4
691,34.277584000000004,-118.479238,0.1
692,34.285558,-118.8820414,-0.65
693,34.305424200000004,134.1932696,0.10555555566666668
694,34.3058279,-118.45719740000001,0.18402777800000003
695,34.3067411,-80.9823096,0.193181818
696,34.3387802,-78.70307209999999,0.11190476190476191
697,34.3671071,-89.51957469999999,0.0
698,34.404196999999996,-84.48331479999999,0.0
699,34.4047987,-103.2052272,0.425
700,34.4097472,-103.3048668,0.4
701,34.434538,-118.56906699999999,0.4
702,34.457623299999995,46.670534,0.054761904699999996
703,34.50370039999999,-93.05517950000001,-0.9
704,34.507866899999996,-96.9683498,-0.18333333300000001
705,34.5199402,-105.87009009999998,-0.031342592666666676
706,34.5442609,-91.96902840000001,0.175
707,34.545307,-117.26808500000001,0.040486742399999984
708,34.6036988,-98.484114,-0.09375
709,34.65677279999999,-83.7199136,0.0
710,34.6617511,133.9344057,0.13636363599999998
711,34.6697701,135.4981185,0.41666666700000005
712,34.694607399999995,-76.5357571,0.0
713,34.730368799999994,-86.5861037,-0.07222222225
714,34.738503,-86.575726,-0.25777777799999996
715,34.7448112,-87.6675292,-0.2
716,34.7464809,-92.2895948,0.025
717,34.769535999999995,-92.2670941,-0.2136904761428571
718,34.787890999999995,-82.69235909999999,-0.325
719,34.79981,-87.677251,-0.8
720,34.802075,38.996815000000005,-0.10666666699999999
721,34.8150907,-92.22431529999999,0.175
722,34.8450838,-96.7916828,0.35
723,34.8504426,-82.3994795,0.0
724,34.9245935,-80.74340190000001,-0.65
725,34.9248667,-81.02507840000001,0.0
726,34.938727899999996,-82.2270568,0.05
727,34.949567200000004,-81.93204820000001,0.09469696966666667
728,34.9592083,-116.419389,0.13067460314285714
729,35.0066535,135.7707931,0.0
730,35.007751899999995,-97.092877,0.030169359428571418
731,35.0102837,135.7683044,-0.13333333333333333
732,35.010991100000005,-115.47335509999999,0.0
733,35.042035999999996,-89.66452659999999,0.0
734,35.0465403,-89.9026031,0.4875
735,35.0526641,-78.87835849999999,0.375
736,35.05559279999999,-85.38681509999999,0.0
737,35.0836934,-86.9388943,0.0
738,35.0853336,-106.6055534,0.10998299314285716
739,35.0946931,-93.446731,0.0
740,35.1107248,-89.9176691,-0.1
741,35.1153692,-89.8940683,0.05
742,35.123237200000005,-106.6146956,-0.5
743,35.126413,33.429859,-0.3
744,35.1321877,-118.44897390000001,0.0
745,35.1371578,-84.56414699999999,0.2
746,35.1495343,-90.0489801,0.12986111112499998
747,35.1814464,136.906398,-0.10666666699999999
748,35.1982836,-111.651302,0.1
749,35.198761,-82.77255500000001,0.0
750,35.20105,-91.83183340000001,-0.22500000000000003
751,35.2040494,-80.8352402,-0.111111111
752,35.206487,-90.040056,0.35
753,35.2098162,-106.70311909999998,0.0
754,35.2219971,-101.8312969,-0.1732142857142857
755,35.222566799999996,-97.4394777,-0.034999999999999996
756,35.2270869,-80.8431267,0.051515151545454545
757,35.2327544,-106.66304369999999,0.35
758,35.2378197,-106.6066926,0.1
759,35.2827524,-120.6596156,-0.1
760,35.2981943,-81.01590809999999,0.35
761,35.317193700000004,-80.740204,0.0
762,35.3375761,-85.70414,1.0
763,35.3698153,-83.565164,-0.65
764,35.3732921,-119.0187125,-0.0163636364
765,35.3848841,-77.9927651,0.35
766,35.4184073,136.7544322,0.0
767,35.429359999999996,-84.221556,0.175
768,35.4398606,-79.7839262,0.0
769,35.454694399999994,-78.13579849999999,0.28571428600000004
770,35.463325,-97.609463,0.35
771,35.4675602,-97.5164276,0.1
772,35.4802348,-78.81702729999999,-0.15
773,35.4918386,-92.03156659999999,0.005952381000000009
774,35.517491299999996,-86.5804473,0.015552054117647054
775,35.5848596,-80.81007240000001,1.0
776,35.593754100000005,-82.550721,-0.4
777,35.5950581,-82.5514869,0.31666666666666665
778,35.6050574,140.1233063,-0.8
779,35.6224561,-117.6708966,0.0
780,35.6447402,-109.09564920000001,0.3
781,35.6528323,-97.4780954,0.213888889
782,35.655152,139.75473200000002,0.1
783,35.65759,139.734259,-1.0
784,35.665756099999996,139.7542321,-0.034384920599999994
785,35.684443,-105.947851,0.175
786,35.6874982,-105.9400656,-0.03177083333333333
787,35.6891975,51.3889736,0.0
788,35.6894875,139.69170640000002,-0.12448979585714286
789,35.6977266,139.77049250000002,0.8
790,35.701457399999995,139.7536505,0.0
791,35.70902589999999,139.73199250000002,-0.4
792,35.7113638,-79.7701218,0.0
793,35.721293100000004,139.7128416,-0.10666666699999999
794,35.746382000000004,-86.934258,-0.25
795,35.7511648,139.7092437,0.0
796,35.759573100000004,-79.01929969999999,-0.06359693876190475
797,35.7647092,-82.26528459999999,0.0
798,35.7686345,-78.56968409999999,0.28571428600000004
799,35.772309,-78.56930799999999,0.5
800,35.7795897,-78.6381787,-0.06805555549999999
801,35.804346,-78.61568299999999,0.0
802,35.8264981,-82.54929990000001,0.1
803,35.850654799999994,-95.3182985,0.4
804,35.8557573,-83.53969040000001,0.3
805,35.86166,104.195397,0.4
806,35.8940263,-80.5614494,0.125
807,35.894581,-79.9908729,0.0
808,35.913199600000006,-79.05584449999999,-0.2
809,35.9155595,-79.0479625,0.35
810,35.9177152,-80.60184759999999,-0.10666666699999999
811,35.9186883,-86.83466690000002,0.175
812,35.937496,14.375416,0.08333333333333333
813,35.9517674,-95.650814,0.0
814,35.96063839999999,-83.9207392,0.4
815,35.99403289999999,-78.898619,0.35
816,36.0014258,-78.9382286,0.0
817,36.0030248,-115.1346605,-0.25
818,36.0215258,-80.3819984,0.2197916665
819,36.072635399999996,-79.79197540000001,-0.08333333333333333
820,36.090455,-115.19215700000001,0.0
821,36.0956918,-79.43779909999999,0.11875000000000001
822,36.0989822,-115.17547240000002,-0.1
823,36.0989986,-115.23986029999999,0.0
824,36.151107700000004,-86.8038329,0.4
825,36.153307399999996,-95.9678251,0.5
826,36.1539816,-95.992775,0.06874999999999999
827,36.156895,-95.9915373,0.375
828,36.161174700000004,-115.12190279999999,-0.02070843964285714
829,36.161887,-115.254764,0.6
830,36.1626638,-86.78160159999999,0.03214285714285714
831,36.169941200000004,-115.13982959999998,-0.009523809499999997
832,36.1778755,-86.7504991,-0.233333333
833,36.1988592,-115.1175013,0.41666666700000005
834,36.2041127,-86.73792440000001,0.0
835,36.204824,138.252924,0.0
836,36.2062933,44.008869700000005,0.0
837,36.211081899999996,-115.0730563,0.0
838,36.214931,-92.48067040000001,0.4
839,36.2188877,-115.20823770000001,0.0
840,36.2340495,-115.15944590000001,0.4
841,36.297844299999994,-91.515973,0.0
842,36.330228399999996,-119.2920585,-0.1
843,36.45924829999999,-83.6490771,-0.75
844,36.4620599,-5.7211027,0.2
845,36.4706671,138.8479541,-0.055
846,36.7127433,-91.8436021,0.0
847,36.721273700000005,-4.4213987999999995,-0.2849206346666667
848,36.7233028,25.2822782,0.0
849,36.7468422,-119.7725868,0.08958333316666667
850,36.751650700000006,2.8881794999999997,-0.65
851,36.753227100000004,-78.92909509999998,0.4
852,36.778261,-119.4179324,0.03961658247692307
853,36.8529263,-75.977985,-0.0625
854,36.8968908,30.7133233,0.35
855,36.927118,-83.194254,0.3
856,36.938468,-121.8021647,0.0
857,37.044829299999996,-76.3776106,0.6
858,37.0463038,140.86809480000002,0.275
859,37.09024,-95.712891,-0.002722451978886792
860,37.0965278,-113.5684164,-0.2375
861,37.098293,-113.553432,0.35
862,37.1217148,-76.52979609999998,0.0
863,37.1237146,-82.6012667,-0.016166007956521743
864,37.128279,-8.2482478,0.0
865,37.176446999999996,-94.3102228,0.219047619
866,37.179496,-85.9069175,-0.65
867,37.2232316,-81.4498717,0.03333333333333333
868,37.2364032,-121.966255,-0.10666666699999999
869,37.265300399999994,-97.3717118,0.6
870,37.2658731,-107.01000619999999,0.0
871,37.270970399999996,-79.9414266,0.0
872,37.293081799999996,-121.93425549999999,0.006249999999999999
873,37.313613200000006,-119.5719959,0.0
874,37.338208200000004,-121.88632859999998,-0.008333333333333345
875,37.354107899999995,-121.9552356,-0.2
876,37.3545854,-77.3984928,0.0
877,37.3587528,-79.391696,0.0
878,37.3642546,-83.87520129999999,0.4
879,37.3685816,-121.99586880000001,0.13636363599999998
880,37.368829999999996,-122.03634960000001,0.16190476199999998
881,37.3735037,-122.0568956,0.0
882,37.3860517,-122.08385109999999,0.8
883,37.387474,-122.05754340000001,-0.05370370366666668
884,37.3890924,-5.984458900000001,0.033333333
885,37.406988,-122.056973,0.18333333333333335
886,37.420050700000004,-122.17506570000002,0.0
887,37.423680600000004,-5.971024400000001,0.35
888,37.4315734,-78.65689420000001,0.04366717543902438
889,37.444201299999996,-122.1615759,0.008035714299999996
890,37.4556019,-91.2095758,0.013541666687499999
891,37.4852152,-122.2363548,-0.013888888999999988
892,37.50593320000001,-77.3324425,0.0
893,37.540724600000004,-77.4360481,-0.07395833325
894,37.548269700000006,-121.98857190000001,-0.4
895,37.5557825,22.333776899999997,0.0
896,37.566534999999995,126.9779692,0.15
897,37.630269899999995,-107.81404520000001,-0.0844444445
898,37.633934,-81.235748,0.4
899,37.6387135,-120.760297,0.35
900,37.6390972,-120.99687820000001,0.02945326277777778
901,37.63994,-77.58038940000002,0.0
902,37.648546,-118.97207900000001,0.0
903,37.6556237,-85.1102372,0.35
904,37.6576656,-122.0563527,0.0
905,37.663857799999995,-76.4126353,-0.1
906,37.6688205,-122.08079640000001,0.35
907,37.67385720000001,-97.2377506,-0.23888888900000002
908,37.6871761,-97.330053,0.0
909,37.6940973,-122.08635220000001,0.4
910,37.7030646,-85.8649408,0.0625
911,37.72362570000001,-122.47819170000001,0.35
912,37.742830100000006,-25.6805868,-0.14270833324999999
913,37.7455701,-119.5936038,-0.09375
914,37.7456115,-122.3776412,0.05
915,37.7516971,-122.42947279999998,-0.0625
916,37.76368660000001,-122.4290335,0.0
917,37.766838799999995,-122.4218756,0.04999999999999999
918,37.7749295,-122.4194155,0.01669560185416668
919,37.776796399999995,-122.4166041,0.05609834444262293
920,37.780829700000005,-122.3958169,0.004761905
921,37.784648,-122.427699,0.35
922,37.7864658,-122.4110314,0.02218620973755656
923,37.790933,-122.40135559999999,0.19999999999999998
924,37.8043637,-122.27111370000002,-0.07827380950000001
925,37.8063737,-122.27068349999999,0.0
926,37.8215929,-121.9999606,0.0
927,37.8271784,-122.2913078,0.10688657404166667
928,37.8287218,-92.1053864,0.25
929,37.83244129999999,-122.479468,0.0
930,37.83615379999999,-87.5900134,0.35
931,37.8387167,-122.30991159999999,0.25
932,37.839333200000006,-84.2700179,-0.0860185185
933,37.844726,-122.1413403,0.05
934,37.852463,-122.269299,0.375
935,37.8651011,-119.5383294,0.0
936,37.87159260000001,-122.272747,-0.107936508
937,37.9117174,-90.6254052,-0.125
938,37.9357576,-122.3477486,-0.2
939,37.9642529,-91.83183340000001,0.08437499999999999
940,37.9715592,-87.5710898,0.4
941,37.9730124,-87.57194090000002,0.0
942,37.9779776,-122.0310733,-0.257142857
943,37.9838096,23.7275388,-0.187878788
944,38.0018919,-90.17767370000001,0.0
945,38.005187,-84.517628,-0.1
946,38.0146457,-120.38630520000001,0.0
947,38.029305900000004,-78.4766781,0.06666666666666667
948,38.0315333,14.027121300000001,0.02
949,38.0705911,-122.53055570000001,0.1
950,38.074625,-78.487461,0.0
951,38.152266999999995,-87.8419723,-0.27291666649999996
952,38.16269929999999,-85.6332666,0.0
953,38.2346592,-122.6430082,0.35
954,38.2378512,-85.7194123,0.4
955,38.250138899999996,-122.41080559999999,0.0
956,38.252664700000004,-85.7584557,0.025000000000000005
957,38.2544472,-104.60914090000001,0.0
958,38.290710499999996,-77.5318475,0.0
959,38.291859,-122.45803559999999,0.4
960,38.29550029999999,141.4179154,-0.248828125
961,38.29626270000001,-77.49938859999999,0.35
962,38.303183700000005,-77.46053990000001,0.1833333334
963,38.3242916,-76.5168989,-0.1
964,38.3358857,-90.14983409999999,-0.666666667
965,38.345073,-75.6046968,0.25
966,38.35834129999999,-76.43895490000001,0.175
967,38.3583554,-76.57194140000001,-0.0535714285
968,38.361667700000005,-105.09708459999999,0.05648148149999999
969,38.4286649,-78.8548948,0.25833333350000004
970,38.435685,27.265239,-0.010127314777777778
971,38.436436,-81.858528,-0.26666666666666666
972,38.440428999999995,-122.7140548,-0.0033333334999999936
973,38.448595000000005,-121.853457,0.0
974,38.449568799999994,-78.8689155,0.35
975,38.4662479,-122.9997346,0.0
976,38.482519200000006,-100.9070949,-0.2
977,38.506343,-77.3085143,0.0
978,38.536784000000004,-105.992427,0.0
979,38.560053,-121.422266,-0.0625
980,38.5704921,-89.9781601,-0.10666666699999999
981,38.5815719,-121.49439960000001,0.05000000000000001
982,38.59762620000001,-80.4549026,0.1967532468333333
983,38.6008071,-121.37703359999999,0.0
984,38.624514000000005,-90.1506465,0.0
985,38.6270025,-90.1994042,0.2628571428
986,38.630110200000004,-90.40481770000001,0.41666666700000005
987,38.6370622,-77.3110946,0.0839285715
988,38.638802,-120.14595800000001,0.11666666666666665
989,38.639539,-90.2470428,0.0
990,38.6412256,-75.61103809999999,-0.65
991,38.6581722,-77.24970490000001,0.0
992,38.677805,-121.175963,0.5
993,38.722252399999995,-9.1393366,-0.5
994,38.7235195,-9.1492029,0.06666666666666667
995,38.7245583,-86.4777445,0.0
996,38.750948799999996,-77.4752667,0.2
997,38.7708864,-78.6153679,0.24285714300000003
998,38.800242,-77.51546,0.0
999,38.8026097,-116.419389,-0.18871527775
1000,38.804835499999996,-77.0469214,0.0
1001,38.8120491,-76.84886800000001,0.35
1002,38.8319726,-0.5300501999999999,-0.08048941800000001
1003,38.833421200000004,-77.3042167,0.0
1004,38.8338816,-104.82136340000001,0.05606060599999999
1005,38.8375215,-120.8958242,-0.09666666659999999
1006,38.8532873,-77.231871,0.0
1007,38.876163399999996,-77.0337777,0.0
1008,38.8816208,-77.0909809,-0.07777777766666667
1009,38.882334,-77.17109140000001,0.0
1010,38.8863719,-104.84272259999999,-0.25
1011,38.891565,-121.29300790000002,0.0
1012,38.8942786,-77.4310992,0.0
1013,38.8964032,-77.0288693,0.0
1014,38.8965654,-121.07689009999999,0.0
1015,38.8976763,-77.0365298,0.0
1016,38.898514,-77.010664,-0.020855794036601368
1017,38.902299799999994,-76.9326167,0.4
1018,38.904043,-77.03968499999999,0.11666666666666665
1019,38.9071923,-77.03687070000001,0.03451524170909092
1020,38.9108325,-75.5276699,-0.056054421857142864
1021,38.9108408,-94.3821724,0.0
1022,38.912789700000005,-77.04233719999999,0.41666666700000005
1023,38.9218274,-77.0728352,0.35
1024,38.9240726,-77.04012759999999,-0.1
1025,38.9250212,-94.68748000000001,-0.0037093666867469904
1026,38.9271738,-94.31088659999999,0.2
1027,38.929558,-75.8338233,0.0
1028,38.929978999999996,116.8914254,0.0
1029,38.930597999999996,-84.554209,0.0
1030,38.9338421,-76.9844677,-0.055555556
1031,38.93809,-76.9802179,0.0
1032,38.9392779,-76.9338631,0.4
1033,38.940564,-76.5629398,0.4
1034,38.9411119,-76.5410412,0.1
1035,38.944548600000005,-77.0600984,0.1
1036,38.948301,-104.70978000000001,0.15
1037,38.949664,-78.146138,-0.65
1038,38.949923999999996,-92.329874,-0.041666666666666664
1039,38.95170529999999,-92.33407240000001,0.0
1040,38.9540335,-77.35805450000001,0.1476190475
1041,38.955203000000004,-77.0702474,-0.10666666699999999
1042,38.9661565,-76.939662,0.13636363599999998
1043,38.971668900000004,-95.23525009999999,0.0
1044,38.9830799,-92.3204138,0.0
1045,38.984652000000004,-77.09470920000001,0.35
1046,38.9848295,-3.9273778,-1.0
1047,38.9896967,-76.93776,-0.177777778
1048,38.9906657,-77.026088,0.258928571
1049,38.9910958,-77.02608559999999,-0.053333333499999996
1050,38.9989499,-84.62661109999999,-0.7
1051,39.0011616,-77.45244220000001,-0.6
1052,39.0067768,-76.77913649999999,0.0
1053,39.011902,-98.4842465,0.0875
1054,39.0200099,1.4821482,0.0
1055,39.0204395,-120.8271616,0.11200000000000002
1056,39.0392193,125.7625241,0.003968253973684215
1057,39.0457549,-76.6412712,0.005258583132075471
1058,39.056144,-77.112296,0.0
1059,39.0571587,-94.6063515,-0.125
1060,39.063059700000004,-77.8879266,0.35
1061,39.068846,-120.41684599999999,0.4
1062,39.074208,21.824312,0.1625
1063,39.088027399999994,-110.3187608,0.4
1064,39.0997265,-94.5785667,0.0895454545
1065,39.103118200000004,-84.5120196,-0.064895833375
1066,39.104716499999995,-108.6325219,0.0
1067,39.133593700000006,-76.8453431,-0.10666666699999999
1068,39.1371434,-86.5693801,0.175
1069,39.143758500000004,-76.7272998,-0.10666666699999999
1070,39.1531627,-77.066923,0.13636363599999998
1071,39.165325,-86.5263857,0.19553571425
1072,39.173162100000006,-77.2716502,-0.638888889
1073,39.1782693,-76.8465759,0.6
1074,39.1836082,-96.5716694,0.368181818
1075,39.1856597,-78.16333409999999,0.015370370333333333
1076,39.201440399999996,-85.9213796,0.25
1077,39.212720000000004,-122.0037429,0.8
1078,39.2277244,-85.8982732,0.0
1079,39.228613,-121.1448101,-0.1
1080,39.248855,-119.94819820000001,0.0
1081,39.26674179999999,-81.5615135,-0.65
1082,39.272951,-76.61151600000001,0.4
1083,39.2903848,-76.6121893,0.1493452381
1084,39.32098010000001,-111.0937311,-0.09444444444444444
1085,39.326161799999994,-76.5763249,0.375
1086,39.32774439999999,-82.1021416,0.0
1087,39.3292396,-82.1012554,0.175
1088,39.345049700000004,-81.43819479999999,0.35
1089,39.377125,-76.540384,-0.15555555599999998
1090,39.3773292,-76.5396875,1.0
1091,39.3794196,-76.45990429999999,0.097222222
1092,39.3995008,-84.5613355,-0.225
1093,39.399871999999995,-8.224454,0.03364707342499999
1094,39.414268799999995,-77.41054090000002,0.1
1095,39.41988,-85.975893,-0.2342424242
1096,39.464065999999995,-106.07938850000001,0.0
1097,39.4667034,-87.4139092,0.35
1098,39.506997399999996,-84.745231,0.0
1099,39.529565000000005,-84.3928083,0.4
1100,39.529632899999996,-119.8138027,0.675
1101,39.55005070000001,-105.78206740000002,0.01166666663636362
1102,39.5696005,2.6501603,-0.055555556
1103,39.592799,-104.87478999999999,0.0
1104,39.605591499999996,-76.75757800000001,0.1
1105,39.61282429999999,-86.37416,0.0
1106,39.613321,-105.0166498,0.6
1107,39.629526,-79.9558968,0.2
1108,39.641762899999996,-77.7199932,0.15
1109,39.642836200000005,-84.2866083,-0.4
1110,39.6462626,-105.00236740000001,0.0405555555
1111,39.6478148,-0.8847951999999999,0.0
1112,39.6654245,-105.2057111,0.0
1113,39.6795241,-79.85644609999999,0.0
1114,39.6837226,-75.7496572,0.0
1115,39.701457700000006,-82.06819770000001,0.2
1116,39.729431899999994,-104.8319195,0.0
1117,39.736732399999994,-104.97951450000001,0.5222222223333334
1118,39.739235799999996,-104.990251,0.09166666666666666
1119,39.7429785,-104.970176,-0.5
1120,39.743731200000006,-75.22324859999999,0.12916666675
1121,39.758947799999994,-84.1916069,0.4
1122,39.7630778,-105.00387040000001,0.03333333333333333
1123,39.768403,-86.158068,0.1023698523076923
1124,39.770721,-86.14857099999999,-0.47346938771428565
1125,39.7876112,-75.6966001,-0.8
1126,39.7929794,-104.94537379999998,-0.053333333499999996
1127,39.802764399999994,-105.08748419999999,0.25
1128,39.8680412,-104.9719243,0.24444444433333334
1129,39.871742,-79.4922606,0.0
1130,39.884313399999996,116.2674192,-0.2
1131,39.8961821,-104.98114679999999,0.0
1132,39.897633,116.472327,0.09444444444444444
1133,39.8998278,-104.9447261,-0.11927083325
1134,39.9041999,116.4073963,0.0
1135,39.9205411,-105.0866504,0.0
1136,39.9287093,-76.8505282,0.35
1137,39.941933,-75.15301059999999,-0.5458333329999999
1138,39.9419677,-75.15336359999999,0.5
1139,39.9525839,-75.1652215,0.028210291642857148
1140,39.9535974,-75.1958157,0.0
1141,39.9606643,-75.6054882,0.0
1142,39.9611755,-82.9987942,0.06371252205555555
1143,39.96137589999999,-105.5108312,0.1626984127142857
1144,39.965255299999995,-74.31182120000001,0.0
1145,39.9664035,-82.8364938,-0.04310846557142858
1146,39.9757092,-75.21289959999999,0.1
1147,39.9784,-75.13033,-3.47e-18
1148,40.005354,-82.9722788,0.5
1149,40.0095339,-75.1084702,0.4
1150,40.0149856,-105.2705456,0.35
1151,40.018214,-105.28173400000001,-0.06078042314285713
1152,40.033396100000004,-83.15824509999999,0.4
1153,40.0378755,-76.3055144,0.1625
1154,40.039498200000004,-84.2032767,0.0
1155,40.0407997,-76.4237553,-0.4
1156,40.0411536,-86.8744516,0.226190476
1157,40.0455917,-86.0085955,-0.01688596484210525
1158,40.0583238,-74.40566120000001,0.02183238637499999
1159,40.073161,-75.308774,0.1
1160,40.0866188,-84.22856259999999,-0.325
1161,40.0992284,-82.9478632,0.0
1162,40.0994425,-74.9325683,0.1
1163,40.101285600000004,-75.38355250000001,-0.10666666699999999
1164,40.102847,-75.15818349999999,-0.07823498965217392
1165,40.1528719,-76.6027455,0.1671428572
1166,40.160666600000006,-74.0679753,0.2
1167,40.166393299999996,-97.5858752,0.025
1168,40.1792649,-105.0911862,0.1
1169,40.1811098,-85.42989,0.41666666700000005
1170,40.201024100000005,-77.2002745,0.35
1171,40.2115109,-74.6796651,0.2
1172,40.233843799999995,-111.6585337,-0.4
1173,40.2589455,-74.12399599999999,0.0
1174,40.261941799999995,-75.24935409999999,-0.066666667
1175,40.266791299999994,-79.9075495,0.43333333333333335
1176,40.2671941,-86.1349019,0.057462953692307694
1177,40.2691421,-74.7774394,0.35
1178,40.2710771,-110.0353825,-1.0
1179,40.273191100000005,-76.88670079999999,-0.2
1180,40.3084762,-89.70042149999999,-0.333333333
1181,40.3111875,-78.3241795,0.25
1182,40.338254299999996,-74.58529200000001,0.0
1183,40.339852,127.510093,0.0
1184,40.350128999999995,-111.758724,-0.03833333330000001
1185,40.3572976,-74.66722259999999,0.0
1186,40.3606653,-74.0381947,0.0
1187,40.4089399,-104.81212729999999,0.4
1188,40.4167022,-86.8752869,0.13333333333333333
1189,40.4167754,-3.7037902000000003,-0.16527777775000002
1190,40.4172871,-82.907123,0.04606481479999999
1191,40.4256296,-74.40574570000001,0.4
1192,40.434044799999995,-104.97711329999998,0.0
1193,40.440624799999995,-79.9958864,-0.025000000000000005
1194,40.448208,-122.2977815,0.2
1195,40.463667,-3.7492199999999998,0.05000000000000001
1196,40.473286200000004,-77.3133268,-0.32499999999999996
1197,40.497603999999995,-74.4884868,-0.053968254
1198,40.51697670000001,-80.22134770000001,-0.037857142899999995
1199,40.519184,-80.24488740000001,0.0
1200,40.528718,-111.893901,0.25625000000000003
1201,40.5521327,-122.3277153,0.4
1202,40.564978100000005,-111.8389726,0.0
1203,40.5755438,-73.9707016,0.1
1204,40.5795437,-75.34073459999999,-0.15555555599999998
1205,40.5865396,-122.3916754,0.2833333335
1206,40.5910166,-73.977126,0.0
1207,40.592261900000004,-82.1905578,0.0
1208,40.5987733,-112.4259922,0.0
1209,40.606150899999996,-111.8914593,0.2
1210,40.608734600000005,-73.9153514,-0.12499999999999999
1211,40.6186729,-80.95120059999999,0.4166666666666667
1212,40.62097,-74.027128,-0.10666666699999999
1213,40.6331249,-89.3985283,0.18275876324999998
1214,40.6409217,-73.96243270000001,0.35
1215,40.6417999,-4.155308,-0.137037037
1216,40.6455708,-111.28079479999998,0.233333333
1217,40.645994,-73.97201009999999,0.0
1218,40.6469982,-83.60965159999999,-0.083333333
1219,40.65108,-111.50828999999999,-0.8
1220,40.662546299999995,-73.52952690000001,0.0
1221,40.6656761,-73.89325129999999,-0.025000000000000022
1222,40.667283000000005,-81.354835,0.35
1223,40.668353700000004,-80.2125135,0.075
1224,40.6704778,-73.3605776,0.0
1225,40.672505799999996,-73.9252087,0.0
1226,40.6764003,-73.81249840000001,0.6
1227,40.6781784,-73.94415790000001,0.060495347551724137
1228,40.680656299999995,-73.47429140000001,-0.06270329783333334
1229,40.691613200000006,-112.00105009999999,0.3
1230,40.695655200000004,-73.3256753,0.0
1231,40.700936,-73.712909,0.0
1232,40.7061927,-74.0091604,0.2833333335
1233,40.7078923,-73.9292047,-0.105729166625
1234,40.709474,-73.923322,-0.026944444571428566
1235,40.7109006,-74.0083506,0.0
1236,40.711123,-73.966358,0.2
1237,40.711779799999995,-73.9515379,0.44166666666666665
1238,40.7127753,-74.0059728,-0.03076255377075102
1239,40.712948,-73.843211,0.35
1240,40.712978899999996,-74.0083735,0.35
1241,40.7164881,-73.3217861,-0.10666666699999999
1242,40.7198,-74.037023,0.2
1243,40.7198855,-74.0018953,-0.12083333333333335
1244,40.7217292,-74.093665,-0.333333333
1245,40.72187720000001,-73.98780759999998,0.0
1246,40.723301,-74.0029883,0.166666667
1247,40.7269708,-98.6695873,0.175
1248,40.727337,-73.99430090000001,0.219047619
1249,40.7283382,-73.95327359999999,0.0
1250,40.7291783,-74.0076313,0.0
1251,40.7317696,-73.9841161,0.0
1252,40.733697,-73.991331,0.194444444
1253,40.737925,-73.99456020000001,0.11666666699999999
1254,40.7420497,-73.9887223,-0.33177083333333335
1255,40.7421662,-73.9955325,0.25
1256,40.742257200000005,-73.6742323,0.05250000000000001
1257,40.74288320000001,-84.11677259999999,-0.21719576711111113
1258,40.7444719,-111.9205767,0.316666667
1259,40.7478412,-73.99360859999999,0.0
1260,40.7484405,-73.9856644,0.35
1261,40.7499006,-73.9944146,0.0
1262,40.7508686,-73.9760637,-0.22500000000000003
1263,40.751631,-73.981266,0.0
1264,40.75176810000001,-73.98039150000001,0.35
1265,40.755279200000004,-73.98004449999999,0.06666666666666667
1266,40.75587,-73.992039,0.1
1267,40.756005200000004,-73.8838532,-0.65
1268,40.7573388,-73.98648109999999,0.375
1269,40.760512,-73.9665717,0.5
1270,40.760729600000005,-74.00205799999999,-0.015039682500000007
1271,40.760779299999996,-111.89104740000002,-0.0625
1272,40.760923,-73.994815,0.2375
1273,40.761051,-73.9753635,0.5
1274,40.7617653,-73.32928570000001,0.04666666650000001
1275,40.7624284,-73.973794,0.0
1276,40.762513899999995,-73.5427804,0.0
1277,40.763758100000004,-73.9918181,-0.65
1278,40.7663005,-73.98252159999998,0.48125
1279,40.7663625,-73.98902259999998,0.04666666650000001
1280,40.76915579999999,-73.953699,0.1
1281,40.769264899999996,-73.11511170000001,-0.03333333333333333
1282,40.769436,-73.96267900000001,-0.8
1283,40.7700703,-73.95802459999999,-0.8
1284,40.77049279999999,-73.966657,-0.038888888999999996
1285,40.774716,-74.694929,0.375
1286,40.776649799999994,-73.9461785,0.25
1287,40.779545500000005,-74.02375119999999,-0.2
1288,40.7828958,-73.9671737,0.0
1289,40.783060299999995,-73.9712488,-0.040719697
1290,40.7836489,-73.9508381,-0.2533333335
1291,40.7842667,-74.69682840000002,0.0
1292,40.789142,-73.134961,-0.22000000025
1293,40.790653799999994,-73.2017811,0.0
1294,40.7907445,-73.8828635,0.5
1295,40.7989473,-81.378447,0.0
1296,40.799733,-73.943691,-0.65
1297,40.8111114,-73.9590103,0.0
1298,40.811550399999994,-73.94647690000001,0.0
1299,40.81332329999999,-73.9426048,0.0
1300,40.814977500000005,-73.940814,0.375
1301,40.8151638,-74.2076776,0.35
1302,40.8266682,-73.94832159999999,0.35
1303,40.8306732,-73.9453636,0.15
1304,40.844781899999994,-73.86482679999999,0.24841269842857142
1305,40.8509333,-73.9701381,0.0
1306,40.851774600000006,14.268124400000001,0.25
1307,40.8677343,-79.24169309999999,0.13
1308,40.883417,-72.3944176,0.13333333349999998
1309,40.8873659,-72.3875025,-0.26666666699999997
1310,40.888745799999995,-81.5969359,0.175
1311,40.9114882,-73.78235490000002,0.35
1312,40.915336200000006,-81.1059309,0.35
1313,40.91730870000001,-74.278323,0.0
1314,40.9178346,-72.3478839,1.0
1315,40.9478158,-90.3712395,0.0
1316,40.948107799999995,-83.96105379999999,-0.47291666649999997
1317,40.992028499999996,-76.0565946,0.1
1318,41.0082376,28.978358899999996,0.4
1319,41.0182305,-75.3361595,0.0
1320,41.024223799999994,-78.10834240000001,0.375
1321,41.04422,-83.6499321,0.1
1322,41.0700078,-75.4344727,-0.25
1323,41.074818799999996,-73.77513259999999,0.5
1324,41.079273,-85.13935129999999,0.021365079319999997
1325,41.081444700000006,-81.51900529999999,0.0555555555
1326,41.081928999999995,-81.5160441,0.0
1327,41.087612899999996,-73.6232929,0.060833333249999996
1328,41.0886216,-74.1435843,0.0
1329,41.090236,-81.574747,0.0
1330,41.0997803,-80.6495194,0.0
1331,41.1003272,-84.26633509999999,0.35
1332,41.1139006,-73.80661629999999,0.0
1333,41.1220194,-73.7948516,0.32777777766666666
1334,41.1398704,-112.0281318,0.41666666700000005
1335,41.1504848,-73.35585470000001,0.06880341876923077
1336,41.1536674,-81.3578859,0.17222222233333337
1337,41.1579438,-8.6291053,0.1
1338,41.158611,-95.9341666,0.4
1339,41.2033216,-77.1945247,0.045467592599999995
1340,41.223,-111.9738304,0.5
1341,41.2340369,-96.1155932,-0.12953869057142858
1342,41.2381734,-96.01384240000002,0.6
1343,41.247637,-80.835325,0.03333333333333336
1344,41.278636999999996,-73.0265277,0.35
1345,41.305780799999994,69.2915715,0.0
1346,41.305986,-74.387412,0.1125
1347,41.308274,-72.9278835,-0.10666666699999999
1348,41.311038,-82.0028548,0.35
1349,41.31627,-88.610314,0.0109209655
1350,41.3317606,-74.35682,0.35
1351,41.3492537,2.1072412999999997,0.024999999999999998
1352,41.3535161,-72.9254428,0.013333333285714288
1353,41.3542395,-72.164816,0.258928571
1354,41.3711906,-75.73491429999999,0.0
1355,41.3850639,2.1734035,-0.331818182
1356,41.394816999999996,-73.45401109999999,-0.0642857142857143
1357,41.4020386,-73.591238,0.0
1358,41.403600700000005,-95.0138776,-0.3
1359,41.415337799999996,-87.3663775,0.175
1360,41.4175677,-73.9588965,0.0
1361,41.419616,-79.693488,0.02844827586206896
1362,41.422371000000005,2.1560753,-0.1
1363,41.4553084,-88.2617305,0.35
1364,41.458126,-82.71451379999999,0.214285714
1365,41.4767605,-74.0237518,0.175
1366,41.481993200000005,-81.7981908,-0.2
1367,41.4925374,-99.9018131,0.08888888888888888
1368,41.499320000000004,-81.6943605,-0.1
1369,41.5014238,2.1026845,-0.0625
1370,41.504376,-82.048518,0.0
1371,41.5236437,-90.57763670000001,0.2
1372,41.5486144,-70.6453534,0.0
1373,41.558152500000006,-73.0514965,0.4
1374,41.5800945,-71.4774291,-0.43750000000000006
1375,41.5836041,-73.8894333,0.0
1376,41.5866309,-71.65125400000001,0.05075051760869565
1377,41.591158899999996,1.5208624,0.4
1378,41.600544799999994,-93.6091064,0.2
1379,41.60322070000001,-73.087749,0.054943783083333336
1380,41.6253157,-83.7029473,0.125
1381,41.626270700000006,-79.67358409999999,0.0
1382,41.6362152,-70.934205,0.1
1383,41.6611277,-91.5301683,-0.3
1384,41.6639383,-83.555212,0.01528925618181818
1385,41.6672575,-87.7845252,0.0557142857142857
1386,41.6719659,-70.4134371,0.0
1387,41.676354499999995,-86.25198979999999,0.0
1388,41.7097159,-86.2050218,-0.10666666699999999
1389,41.730585,-88.3459048,-0.05
1390,41.7360305,-72.795027,0.0
1391,41.7435073,-88.0118473,0.0
1392,41.7529088,-83.624201,0.0
1393,41.7605849,-88.3200715,0.015277777750000006
1394,41.7631751,-72.67890329999999,0.4
1395,41.7637111,-72.6850932,0.0
1396,41.7645992,-72.67433790000001,-0.10666666699999999
1397,41.795817799999995,-74.75498499999999,0.0
1398,41.7984714,-87.8597143,0.175
1399,41.804593700000005,-77.88321409999999,-0.03877314808333333
1400,41.8077414,-72.25398050000001,0.2
1401,41.8078521,-87.6645473,0.263541667
1402,41.8101472,21.093731100000003,0.0
1403,41.817763899999996,-87.726916,-0.0140625
1404,41.818214399999995,12.9291235,0.1
1405,41.8239891,-71.4128343,-0.1166666665
1406,41.8299021,-87.6337522,0.0
1407,41.8423799,-71.48596490000001,0.09999999999999999
1408,41.8505874,-87.79366850000001,0.0
1409,41.8666651,-74.76484040000001,0.2
1410,41.87194,12.56738,0.0725
1411,41.8780025,-93.097702,-0.014318181863636363
1412,41.8781136,-87.62979820000001,0.06326671475555555
1413,41.882657200000004,-87.62330390000001,0.0
1414,41.887528100000004,-88.3053525,0.106534091
1415,41.888803100000004,-87.626312,-0.14537037066666667
1416,41.890421999999994,-87.62370200000001,0.03333333333333333
1417,41.890968,-87.63016,0.0
1418,41.902783500000005,12.4963655,-0.0833333335
1419,41.902916,12.453389,0.14083333329999997
1420,41.9058276,-84.88705870000001,-0.32321428566666666
1421,41.910306799999994,-88.0717353,0.0
1422,41.9125286,-88.1347927,0.0
1423,41.9141945,-88.30868670000001,0.5
1424,41.918330600000004,-87.69009759999999,0.35
1425,41.920117499999996,-87.6487352,0.0
1426,41.9240846,-87.6990743,0.75
1427,41.9340158,-87.66101040000001,0.118181818
1428,41.9375305,-71.4546933,0.35
1429,41.9474536,-87.65613409999999,0.4
1430,41.9580892,-70.6621015,0.35
1431,41.9778795,-91.66562320000001,-0.05
1432,42.003917799999996,-87.97034609999999,-0.11500000000000002
1433,42.0082862,-111.43211459999999,0.11666666666666665
1434,42.0327234,-97.41375529999999,-0.1972222223333333
1435,42.035408399999994,-88.2825668,0.042857143000000014
1436,42.0378342,-72.6122917,0.0
1437,42.0403568,-93.6540066,0.11825396828571426
1438,42.0408766,-87.68009649999999,-0.0033407736999999994
1439,42.0539415,-104.1645078,0.2
1440,42.062991499999995,-88.1227199,-0.048684210526315795
1441,42.0700305,-88.0461658,0.0
1442,42.075914000000004,-86.417468,-0.10260416662499999
1443,42.0909458,-71.2643465,-0.15555555599999998
1444,42.110979,-74.04563900000001,-0.010000000000000009
1445,42.1132167,-120.49357169999999,-0.2
1446,42.1138188,-111.3888175,0.1
1447,42.194575799999996,-122.7094767,0.083333333
1448,42.2047619,-83.4852133,0.1
1449,42.2156131,-79.8342163,0.20586419766666664
1450,42.2286954,-71.5225646,-0.0625
1451,42.240871999999996,-83.2696509,-0.19166666666666668
1452,42.243097,-84.7530304,0.0
1453,42.25287720000001,-71.0022705,-0.2
1454,42.2586342,-87.840625,-0.4
1455,42.277528100000005,-71.34680909999999,0.04
1456,42.2808256,-83.7430378,-0.43791182850000004
1457,42.2832142,-71.1270268,-0.133333333
1458,42.291706899999994,-85.5872286,0.1
1459,42.3086444,-83.482116,0.0
1460,42.314936700000004,-83.03636329999999,0.6
1461,42.32115220000001,-85.17971419999999,0.0
1462,42.324203999999995,-83.400211,0.0
1463,42.3252701,-122.8775244,0.0
1464,42.325592799999995,-83.3310422,-0.10666666699999999
1465,42.3265152,-122.8755949,-0.04794055418918919
1466,42.331427000000005,-83.0457538,0.13865733214285716
1467,42.3365855,-71.05613170000001,0.2
1468,42.337016399999996,-77.3177577,0.0
1469,42.337041299999996,-71.2092214,-0.11145833324999999
1470,42.3407968,-83.2728071,-0.030555556
1471,42.341279,-71.070141,0.3
1472,42.3473129,-71.0782651,0.0
1473,42.3529812,-71.0455316,0.35
1474,42.3547503,-71.0625002,-0.06545430670588237
1475,42.3580781,-71.059341,0.1
1476,42.3599581,-83.0684368,0.0
1477,42.360082500000004,-71.0588801,0.07298008090196079
1478,42.362725700000006,-71.09948879999999,0.149404762
1479,42.365854,-71.102018,-1.0
1480,42.3660936,-71.1055999,0.35
1481,42.3667589,-71.785627,0.0
1482,42.3714253,-83.4702132,0.61875
1483,42.373615799999996,-71.10973349999999,-0.05158730162499999
1484,42.383121,-71.05004720000001,-0.65
1485,42.3875968,-71.0994968,0.1
1486,42.394448600000004,-83.29737320000001,0.0
1487,42.3951268,-86.2592495,0.6
1488,42.4048028,-82.1910378,-0.078125
1489,42.4072107,-71.3824374,0.11111111113333336
1490,42.415392499999996,-71.15647290000001,0.0
1491,42.417577,-71.0600408,0.3
1492,42.4304809,-71.4562154,-0.10666666699999999
1493,42.43472,-83.985,0.006973142475728153
1494,42.439006899999995,-123.3283925,0.433333333
1495,42.440124600000004,-122.92615459999999,-0.2
1496,42.479501899999995,-79.33393240000001,-0.8
1497,42.492785999999995,-92.3425775,0.11249999999999999
1498,42.4957286,-96.3938187,-0.14999999999999997
1499,42.4974085,-82.8963604,0.0
1500,42.5188927,-90.72098840000001,0.35
1501,42.51954,-70.8967155,0.45
1502,42.5256206,-70.8826578,0.4
1503,42.5313821,-70.9924108,0.0
1504,42.5319571,-83.09392240000001,-0.1
1505,42.5450729,-83.3590328,0.011697048625
1506,42.5465029,-83.0281989,0.0
1507,42.550171,-83.43928100000001,0.4
1508,42.564182,-88.776931,0.35
1509,42.575055400000004,-8.133855800000001,0.6
1510,42.5847425,-87.8211854,0.8
1511,42.586888200000004,-82.9195514,-0.666666667
1512,42.595932899999994,-72.2267383,-0.078125
1513,42.615928499999995,-70.66198879999999,-0.5
1514,42.626144599999996,-83.03353840000001,0.0
1515,42.633424700000006,-71.3161718,-0.30000000000000004
1516,42.6389216,-83.2910468,0.0
1517,42.6400468,-84.3891182,0.4
1518,42.65257929999999,-73.7562317,0.05
1519,42.6583356,-71.1367953,0.4
1520,42.698462899999996,141.12761650000002,-0.0006349206666666635
1521,42.7070525,-78.5771072,-0.240625
1522,42.708678000000006,19.37439,0.0
1523,42.723133000000004,-82.4990969,0.35
1524,42.7261309,-87.78285229999999,0.0
1525,42.7525461,-76.834038,0.06386363636363636
1526,42.7600804,-71.4645696,0.4
1527,42.7875235,-86.1089301,0.35
1528,42.78998970000001,-91.1029068,0.4125
1529,42.8077958,-87.92424799999999,0.35
1530,42.8125246,-86.018651,0.4
1531,42.8256141,-78.82336640000001,-0.335416667
1532,42.8270136,-75.5446238,0.2
1533,42.8408621,-85.661658,0.0
1534,42.866632,-106.31308100000001,-0.04875
1535,42.867869299999995,-71.4948322,0.0
1536,42.8713032,-112.4455344,0.3
1537,42.87462120000001,74.56976170000002,0.35
1538,42.878134499999994,-73.1967741,0.26666666699999997
1539,42.878213200000005,-8.5448445,0.0
1540,42.88321,9.356817300000001,-0.25833333350000004
1541,42.8864468,-78.8783689,0.07738095242857142
1542,42.886520399999995,-79.2508558,0.1
1543,42.927684899999996,-79.87619699999999,0.35
1544,42.9415221,-81.24151429999999,0.18888888899999998
1545,42.9633599,-85.6680863,0.009999999999999986
1546,42.9710381,-81.2608135,0.0
1547,42.979006700000006,-78.792272,0.0
1548,42.9849233,-81.2452768,-0.018027210857142872
1549,42.98512720000001,-85.6811017,0.316666667
1550,42.992906500000004,-89.5685606,0.0
1551,43.012527399999996,-83.6874562,0.2714285715
1552,43.0389025,-87.9064736,0.13397435899999996
1553,43.039233,-76.3040965,0.1
1554,43.0405846,-87.9196785,-0.08333333349999998
1555,43.042284499999994,-76.1398137,0.1375
1556,43.0481221,-76.1474244,0.4
1557,43.04819620000001,-76.0488458,0.0
1558,43.050501000000004,-87.9061435,0.0
1559,43.0568187,141.35395730000002,0.1875
1560,43.069138,-89.414624,-0.25
1561,43.070719700000005,-80.118727,-0.083333333
1562,43.07305170000001,-89.4012302,0.33749999999999997
1563,43.075967799999994,-107.29028390000002,0.0
1564,43.0773432,-75.309093,-0.055555556
1565,43.0797991,-96.17569350000001,0.41666666700000005
1566,43.119809100000005,131.8869243,-0.025
1567,43.122271600000005,-77.57340479999999,-0.055555556
1568,43.1244901,-88.03236,0.12222222233333335
1569,43.1277597,-77.6648502,-0.020833333500000002
1570,43.1491458,-7.3299766,-0.2505
1571,43.153403999999995,-77.640066,-0.38666666699999996
1572,43.15453529999999,-77.58959809999999,0.0
1573,43.16103,-77.61092190000001,-0.05370370383333333
1574,43.1661367,-83.52439759999999,0.0
1575,43.172989,-73.046669,0.0
1576,43.1938516,-71.5723953,0.25555555566666666
1577,43.197289000000005,-76.6543926,0.0
1578,43.2040638,-71.5362875,0.0
1579,43.213395500000004,-77.5797226,-0.3
1580,43.223321399999996,-90.2915132,0.2
1581,43.227021,-71.17778,-0.8
1582,43.234181299999996,-86.2483921,-0.05039682542857143
1583,43.246447700000004,-78.1936319,-0.131818182
1584,43.2548331,-79.863167,0.4
1585,43.255720600000004,-79.87110240000001,-0.4
1586,43.263012599999996,-2.9349852000000003,0.033333333
1587,43.28368029999999,-75.82213359999999,-0.05
1588,43.296482,5.36978,0.0
1589,43.2994285,-74.21793259999998,0.097222222
1590,43.300628100000004,-73.5859487,-0.051851852
1591,43.3616211,-80.3144276,-0.20222222233333334
1592,43.36194570000001,-5.8492926,0.39
1593,43.3789199,-84.65972740000001,0.0
1594,43.384530600000005,-70.54399000000001,0.41666666700000005
1595,43.4113604,-106.28002420000001,0.2046875
1596,43.422250299999995,-75.88585490000001,-0.45333333350000005
1597,43.450301,-80.4831917,-0.08194444449999998
1598,43.4593144,-76.2295123,0.533333333
1599,43.4642578,-80.5204096,-0.055555556
1600,43.5445959,-96.73110340000001,0.02236652266666665
1601,43.583399,-65.343001,0.0
1602,43.58904520000001,-79.6441198,0.35
1603,43.604652,1.444209,0.0
1604,43.61210870000001,-116.39151310000001,-0.1875
1605,43.6187102,-116.2146068,0.1
1606,43.6189584,-89.78442009999999,0.0
1607,43.6461975,-79.390813,0.05961538461538462
1608,43.6462636,-79.3906272,0.15
1609,43.6463654,-79.4023122,0.0
1610,43.653226000000004,-79.3831843,-0.006570039463414634
1611,43.6535141,-79.4055786,0.13636363599999998
1612,43.665110999999996,-79.411367,-0.8
1613,43.6715588,-79.3783212,0.15
1614,43.6777176,-79.6248197,-0.1
1615,43.6898302,-70.3992827,0.10734126985714287
1616,43.7144093,-79.3997373,0.0
1617,43.7188703,-79.449146,0.4
1618,43.7228386,10.4016888,0.0
1619,43.7767385,-88.44949749999999,-0.11079059823076923
1620,43.7792329,-79.46949140000001,-0.10666666699999999
1621,43.78443970000001,-88.7878678,0.07471193411111113
1622,43.8013556,-91.2395807,0.0
1623,43.8041334,-120.55420120000001,0.030754328999999997
1624,43.805201000000004,-79.337695,-0.4
1625,43.837207899999996,-79.508276,-0.10666666699999999
1626,43.8384117,-79.08675790000001,0.0055555555
1627,43.8430176,-79.5394625,-0.35000000000000003
1628,43.8832488,-78.9132343,0.14236111099999998
1629,43.8970929,-78.8657912,-0.5
1630,43.898577100000004,-115.7123352,0.0
1631,43.9134184,-88.3154269,0.275
1632,43.915886,17.679076000000002,-0.275
1633,43.965388899999994,-70.8226541,-0.039259259277777785
1634,43.9826214,-124.099841,-0.1
1635,44.006479999999996,-79.450396,0.04
1636,44.0121221,-92.4801989,0.4
1637,44.016521000000004,21.005859,0.0666666666666667
1638,44.0383744,-79.19999490000001,0.4666666666666666
1639,44.0520691,-123.08675359999998,-0.10086890108333334
1640,44.058172799999994,-121.31530959999999,0.45
1641,44.0682019,-114.74204080000001,0.20833333350000002
1642,44.0682998,-121.27170349999999,0.6
1643,44.1674081,-93.99834969999999,0.0
1644,44.2600593,-72.57538690000001,0.1
1645,44.2619309,-88.4153847,-0.055555556
1646,44.26651029999999,142.34251,-0.16666666666666666
1647,44.29283579999999,-72.6792807,0.1
1648,44.3113573,-96.79838769999999,0.0
1649,44.3148443,-85.60236429999999,0.10975634727027028
1650,44.3721167,-64.52087979999999,-0.10666666699999999
1651,44.3893556,-79.6903316,0.04666666650000001
1652,44.455642,-88.080353,0.21666666699999998
1653,44.474801899999996,-67.53499079999999,-0.15555555599999998
1654,44.475882500000004,-73.21207199999999,0.1
1655,44.487095399999994,26.024632500000003,0.0
1656,44.519159,-88.019826,0.35
1657,44.5588028,-72.5778415,0.05652777766666666
1658,44.5645659,-123.2620435,0.0
1659,44.633783799999996,-92.031161,-0.083333333
1660,44.6365107,-123.10592820000001,0.0
1661,44.6452662,-72.8518555,0.0
1662,44.6487635,-63.5752387,-0.04393939400000001
1663,44.6496868,-93.24271999999999,-0.26388888899999996
1664,44.6819866,-63.744310999999996,0.39999999999999997
1665,44.698993200000004,10.6296859,0.28571428600000004
1666,44.731553999999996,-93.1779659,0.0
1667,44.751036,5.370536,0.7
1668,44.786568,20.448921600000002,0.0
1669,44.7893446,-93.6018389,0.0
1670,44.804132200000005,-93.1668858,0.35
1671,44.808149900000004,-68.78286109999999,0.35
1672,44.811349,-91.4984941,0.35
1673,44.834130200000004,-87.3770488,0.0
1674,44.862832899999994,-93.3369053,0.4
1675,44.869788,-92.4888536,0.0
1676,44.8807034,18.80634,0.1
1677,44.8847554,-93.2222846,-1.0
1678,44.890443,-93.554737,-0.8
1679,44.905500399999994,-80.0007487,0.194444444
1680,44.9211836,-93.46874890000001,0.568181818
1681,44.923855200000006,-92.9593797,-0.055555556
1682,44.933393,4.89236,0.15
1683,44.9369054,-91.3929348,-0.025
1684,44.9415245,-93.3408011,-0.04986772500000001
1685,44.9428975,-123.03509629999999,-0.10000000000000002
1686,44.953702899999996,-93.0899578,-0.09916666659999998
1687,44.955083200000004,-93.2342162,0.0
1688,44.958164399999994,-124.01789140000001,0.3
1689,44.9720811,-81.2886281,0.1
1690,44.977753,-93.2650108,0.10987654311111111
1691,44.986198,-93.39286700000001,0.325
1692,45.0157396,-93.1068215,-0.23645833324999999
1693,45.0275126,-84.6747523,0.0
1694,45.0327425,-93.3602286,-0.0008832120740740653
1695,45.081684,-73.1266459,0.0
1696,45.0941315,-93.3563405,-0.1611111111111111
1697,45.1,15.200000099999999,0.0538888888
1698,45.1258332,-94.5283333,-0.083333333
1699,45.1473445,-122.57703219999999,0.1
1700,45.188528999999996,5.724524,0.10714285714285714
1701,45.1932187,-67.281801,0.55
1702,45.253783,-69.4454689,0.06354166675
1703,45.3453029,34.4997274,0.0
1704,45.362370399999996,-110.7616679,0.2566666668
1705,45.3852302,-109.12986780000001,0.16666666666666666
1706,45.3973427,-122.2614761,0.35
1707,45.4064349,11.8767611,0.1966666665
1708,45.418327000000005,-75.60327590000001,0.0
1709,45.42152960000001,-75.69719309999999,0.06734006733333332
1710,45.4312294,-122.7714861,0.2
1711,45.440847399999996,12.315515099999999,0.06875
1712,45.4506875,68.8319005,0.033333333
1713,45.4790671,9.8452433,0.4
1714,45.4795487,-122.61596909999999,0.138095238
1715,45.484139899999995,-122.8571949,0.4
1716,45.4863864,-122.6750477,0.0
1717,45.487062,-122.8037102,0.20969387757142857
1718,45.4888338,-122.67397890000001,0.1
1719,45.49197,-122.59664699999999,-1.0
1720,45.4942838,-122.86704540000001,0.4
1721,45.5016889,-73.567256,-0.005181159434782608
1722,45.5069117,-73.6102655,-0.0625
1723,45.5228939,-122.989827,-0.1
1724,45.523062200000005,-122.6764815,0.06832340480645166
1725,45.5269699,-122.6781517,0.0
1726,45.5273551,-122.55758590000002,-0.055555556
1727,45.530209,-122.68120390000001,0.0
1728,45.5309324,-122.6580353,-0.3
1729,45.5337266,-122.55308070000001,0.12499999999999999
1730,45.5392862,-122.38731329999999,-0.0625
1731,45.543558399999995,-73.54482829999999,-0.28500000000000003
1732,45.550257,-122.6618405,0.6
1733,45.553489899999995,-122.57548190000001,0.316666667
1734,45.5579451,-94.1632404,0.0
1735,45.5702679,-122.6824289,0.0
1736,45.5870631,-122.3995363,0.35
1737,45.588796,-122.71464850000001,-0.055555556
1738,45.589769399999994,-122.5950942,-0.0833333335
1739,45.63183970000001,-122.67160630000001,0.19166666666666665
1740,45.6579755,25.6011977,-0.22777777775000002
1741,45.676997899999996,-111.04293390000001,0.20625000000000002
1742,45.7032695,3.3448536,0.0
1743,45.7623333,11.690976,0.0
1744,45.764043,4.835659,0.031818181818181815
1745,45.771944,4.8901709,0.0
1746,45.777221999999995,3.087025,0.11666666666666665
1747,45.7811907,-122.53157820000001,0.0
1748,45.7869023,-87.9037364,0.0
1749,45.943160999999996,24.96676,-0.031249999999999986
1750,45.963589500000005,-66.6431151,0.15
1751,46.0535208,-88.785431,0.0
1752,46.068416,-118.35605,-0.015740740666666662
1753,46.072734499999996,18.232266,-0.12245370366666666
1754,46.0912907,-67.841186,-0.10166666660000001
1755,46.151241,14.995463,0.4
1756,46.1840561,25.2223974,0.225
1757,46.2021848,1.2643875,0.35
1758,46.227638,2.213749,-0.01096688034615384
1759,46.234032,6.052951,-0.166666667
1760,46.255953000000005,-83.556368,0.35
1761,46.3577995,12.1440529,0.4375
1762,46.385131099999995,-92.83108440000001,-0.65
1763,46.5180824,-123.82645120000001,0.0
1764,46.53418920000001,0.2822159,0.0
1765,46.56531629999999,-66.46191639999999,0.0
1766,46.583928,-90.880224,0.09
1767,46.6,10.416667,0.625
1768,46.729553,-94.6858998,-0.016921768666666663
1769,46.731922499999996,-117.15421210000001,0.4
1770,46.7323875,-117.000165,-0.125
1771,46.737052,5.889664,0.0
1772,46.7866719,-92.10048520000001,-1.0
1773,46.801452600000005,-63.92336329999999,0.0030000000000000027
1774,46.8138783,-71.2079809,0.1976190476666667
1775,46.818188,8.227511999999999,0.029285714285714286
1776,46.8337112,-122.93291200000002,0.35
1777,46.8406297,-71.2819193,0.0
1778,46.846199,-96.816705,0.0558333334
1779,46.8589967,-88.2204271,-1.0
1780,46.862496,103.84665600000001,0.4
1781,46.8769487,-96.8999057,0.1
1782,46.8771863,-96.78980340000001,-0.17
1783,46.879682200000005,-110.3625658,0.13124999999999998
1784,46.92131079999999,-98.6942804,-0.357777778
1785,47.034262899999995,-122.82319150000001,0.13636363599999998
1786,47.0378741,-122.9006951,0.22083333333333335
1787,47.0465005,21.9189438,0.4
1788,47.070714,15.439504000000001,0.35
1789,47.1087959,9.245148599999998,0.0
1790,47.1301417,-119.27807709999999,0.1
1791,47.131058,-119.271988,0.0
1792,47.139777,-1.337189,0.0
1793,47.1584549,27.6014418,0.0
1794,47.162494,19.5033041,0.2
1795,47.212020200000005,-1.561467,0.06860795454545454
1796,47.2150945,-123.10070659999998,0.55
1797,47.218371000000005,-1.553621,0.0
1798,47.2266239,8.8184374,0.4125
1799,47.2452149,-122.45313929999999,0.0
1800,47.252876799999996,-122.4442906,0.046428571333333356
1801,47.3296516,-122.581374,0.0
1802,47.3534029,13.1955214,0.0
1803,47.376886600000006,8.541694,0.4
1804,47.4418122,7.764400200000001,0.0
1805,47.4435903,-122.2960726,0.0
1806,47.4828776,-122.21706609999998,0.61875
1807,47.497912,19.040235,0.0
1808,47.505175,-111.30500579999999,-0.04407467533333334
1809,47.516231,14.550072,0.17916666675
1810,47.524646399999995,-91.40770429999999,0.0
1811,47.5286864,19.0375635,0.0
1812,47.5514926,-101.0020119,0.07132936500000002
1813,47.565006700000005,-122.6269768,0.0
1814,47.594800299999996,-122.30974579999999,0.0
1815,47.6062095,-122.33207079999998,-0.02037580778260869
1816,47.6089551,-122.3405529,0.15
1817,47.6101497,-122.2015159,0.01635416665
1818,47.6154336,-122.32647140000002,0.242857143
1819,47.615649,-122.316549,-0.1
1820,47.631865000000005,-122.61057749999999,0.4
1821,47.6534334,-122.3676852,0.0
1822,47.6587802,-117.42604650000001,0.18939393933333334
1823,47.6611191,-117.42394420000001,0.0
1824,47.6768927,-122.20598329999999,-0.4
1825,47.693200399999995,-114.16312749999999,-0.357777778
1826,47.7179578,-116.95158559999999,0.0
1827,47.751074100000004,-120.7401385,-0.0036395202000000042
1828,47.757444799999995,-53.9887436,0.21095238100000002
1829,47.767773999999996,-117.404728,0.29666666649999995
1830,47.837979,-122.3001172,0.10714285714285714
1831,47.9119742,-89.15696740000001,0.0
1832,47.9128756,-122.0981847,-0.055555556
1833,47.9178535,-122.18876840000001,0.4
1834,47.9237985,8.1911625,-0.10666666699999999
1835,47.9252568,-97.0328547,0.0
1836,47.9300983,-97.023957,-1.0
1837,48.0968029,37.362548700000005,0.194444444
1838,48.1163528,21.8771784,0.055252976142857145
1839,48.1351253,11.581980499999998,0.09999999999999999
1840,48.136413899999994,-53.6128895,0.0
1841,48.148596500000004,17.1077478,0.4
1842,48.208174299999996,16.3738189,-0.04839155184210527
1843,48.2084724,-122.64408519999999,0.0
1844,48.247119399999995,-112.8080169,0.11875
1845,48.247707299999995,-116.30712340000002,-0.025
1846,48.2720261,-101.2896704,-0.475
1847,48.306940000000004,14.285829999999999,0.1
1848,48.379433,31.1655799,-0.233333333
1849,48.380895100000004,-89.2476823,-0.16648148155555556
1850,48.3814671,10.700840600000001,0.12976190475
1851,48.401082200000005,9.9876076,-1.0
1852,48.4122107,-97.410634,0.35
1853,48.428420700000004,-123.36564440000001,-0.22111111120000002
1854,48.4361364,-123.3694813,-0.17944444449999994
1855,48.476297100000004,-81.3703842,0.06345238099999999
1856,48.4808147,131.76573670000002,0.0
1857,48.5761806,19.1371155,-0.053333333499999996
1858,48.636063,-1.511457,0.031818181818181815
1859,48.6616037,9.3501336,0.18125
1860,48.669026,19.699023999999998,0.375
1861,48.7423446,44.537030200000004,0.4
1862,48.7904472,11.497889500000001,-0.05953125
1863,48.7987617,-116.56270649999999,-0.1
1864,48.8204753,-123.66035790000001,0.0
1865,48.856614,2.3522218999999995,0.115
1866,48.8691067,2.2919021,0.077657740460177
1867,48.8926778,2.3338016,0.17626262633333334
1868,48.913745500000005,2.4845729,0.0
1869,48.9544528,16.7676899,0.3
1870,48.99518629999999,8.39002,-0.233333333
1871,49.0068901,8.403652699999999,0.0033647486666666605
1872,49.096712200000006,9.379206,-0.6
1873,49.2057179,-122.910956,-0.025
1874,49.214439,-2.13125,0.04722222200000001
1875,49.2488091,-122.9805104,0.05
1876,49.2807063,23.5024562,0.1
1877,49.282729100000005,-123.1207375,-0.006452922125000001
1878,49.2828995,-123.10962260000001,0.0
1879,49.3558259,11.1591977,0.03333333333333333
1880,49.3987524,8.6724335,-0.0115
1881,49.4056055,-123.53456570000002,0.2
1882,49.5508809,10.712809199999999,-0.2
1883,49.7016339,-123.1558121,0.35
1884,49.738945,0.424562,0.5166666670000001
1885,49.7913044,9.953354800000001,-0.2
1886,49.815273,6.129583,-0.19583333333333333
1887,49.817492,15.472961999999999,0.175
1888,49.8209226,18.262524300000003,-0.043784722199999994
1889,49.86214879999999,-92.2733407,0.0
1890,49.8879519,-119.49601059999999,0.012121212
1891,49.895136,-97.1383744,0.1378787879090909
1892,49.9806625,9.135555400000001,0.0
1893,49.9834763,20.0537964,0.0
1894,49.984881,-105.846028,0.3
1895,50.0196186,2.6917986000000003,-0.10666666699999999
1896,50.0405486,-110.6764257,0.15625
1897,50.04887,1.419597,-0.09242424245454545
1898,50.0646501,19.9449799,0.4
1899,50.0755381,14.4378005,0.4
1900,50.0956362,8.7760843,0.15
1901,50.1109221,8.6821267,0.2
1902,50.152571,-5.066269999999999,0.06666666666666667
1903,50.2660471,-5.0527125,0.15
1904,50.2727763,127.5404017,0.04999999999999999
1905,50.3754565,-4.1426565,0.11374999999999999
1906,50.382397,18.901623,-0.07916666674999999
1907,50.4452112,-104.6188943,0.118452381
1908,50.4501,30.5234,0.4
1909,50.48449,9.724110000000001,0.4
1910,50.503887,4.469936,-0.044642857142857144
1911,50.5143756,-4.4530385,0.0
1912,50.614427899999995,-2.457621,0.0
1913,50.701640000000005,6.23082,-0.06510416666666667
1914,50.71505,-1.987248,0.35
1915,50.718412,-3.533899,-0.05
1916,50.723277100000004,-3.5947716,0.39
1917,50.724615899999996,9.930984800000001,0.15
1918,50.737429999999996,7.0982068,-0.2
1919,50.7753455,6.083886799999999,0.12118055549999998
1920,50.7772135,-3.999461,0.04375
1921,50.77749,6.103619999999999,0.1
1922,50.7815655,-1.8404302,0.4
1923,50.792592,-3.6514949999999997,0.43148148133333336
1924,50.815463,17.222367000000002,0.4
1925,50.8503463,4.3517211,0.325
1926,50.8643275,-129.0819529,-0.125
1927,50.879843799999996,4.7005175999999995,-0.0625
1928,50.9097004,-1.4043508999999998,0.03333333349999999
1929,50.9317218,7.02158,0.08333333333333333
1930,50.937531,6.9602786,0.10277777766666667
1931,50.9477,6.96378,-0.275
1932,50.97485,11.31667,-0.2
1933,51.01927,13.641570000000002,0.13861607143750002
1934,51.022974700000006,7.407964,0.0
1935,51.038057,-114.088232,-0.1
1936,51.045924799999995,7.0192196,0.35
1937,51.0486151,-114.07084590000001,0.03141025646153846
1938,51.0504088,13.737262099999999,0.1875
1939,51.0543422,3.7174242999999993,0.233333333
1940,51.068785,-1.794472,0.225
1941,51.0780625,-114.0123716,-0.1953125
1942,51.078178,-1.4869809999999999,-0.8
1943,51.087835399999996,-0.7291513000000001,0.0
1944,51.1078852,17.0385376,0.0
1945,51.1364278,6.378384,0.4
1946,51.146993,5.8957370000000004,0.55
1947,51.1652199,7.067116099999999,0.41666666700000005
1948,51.1654608,6.9237286,-0.055555556
1949,51.165690999999995,10.451526,0.029751955174311923
1950,51.1754162,-115.5705433,0.4
1951,51.205803700000004,-2.9629895,0.0
1952,51.230751,-2.320096,0.1
1953,51.23622,-0.570409,0.05312499999999999
1954,51.24419210000001,-114.1631847,0.35
1955,51.244357799999996,0.6910863,0.4
1956,51.253775,-85.32321400000001,-0.00555813237142858
1957,51.2562128,7.150763599999999,0.0
1958,51.274619799999996,30.2296828,0.0
1959,51.3127114,9.4797461,0.0
1960,51.3147593,-0.5599501,0.0
1961,51.335545,1.4198950000000001,0.0930555555
1962,51.3387609,6.5853417,0.0
1963,51.339695500000005,12.373074699999998,0.0
1964,51.3435349,-0.2493076,-0.15000000000000002
1965,51.362865899999996,0.6112649,-0.3
1966,51.3828229,0.2160661,0.35
1967,51.387856,-0.22639299999999998,-0.03555555566666666
1968,51.3975499,7.181218400000001,0.197222222
1969,51.40352,6.962039999999999,0.08333333349999998
1970,51.4045032,30.0542331,-0.10666666699999999
1971,51.4055336,0.1556826,0.0
1972,51.416379,0.741193,0.2375
1973,51.4332367,7.6615937999999995,0.4
1974,51.454513,-2.58791,0.175
1975,51.455643200000004,7.011555199999999,0.071428571
1976,51.4644922,-0.1415607,0.0
1977,51.481581,-3.17909,0.0
1978,51.484807,0.087142,-0.1
1979,51.491985299999996,-0.1685057,0.35
1980,51.4940309,3.8496815000000004,-0.40625
1981,51.49562120000001,-0.1276004,0.3
1982,51.4958601,-0.20826979999999998,0.0
1983,51.5044264,-0.14915499999999998,-0.3
1984,51.5073509,-0.12775830000000002,0.06558677639705883
1985,51.507479100000005,-0.0238644,-0.55
1986,51.5081124,-0.07594930000000001,0.0
1987,51.512344299999995,-0.0909852,-0.13280423277777778
1988,51.5135872,7.4652981,0.0
1989,51.5138701,-0.1458554,-0.25
1990,51.51422,-0.10810819999999999,0.0
1991,51.518271,-0.15139489999999997,0.35
1992,51.519121999999996,-0.10771700000000001,-0.16972789114285716
1993,51.526436100000005,-2.4728487,0.0
1994,51.531786,-0.17700439999999998,0.35
1995,51.571914899999996,4.7683230000000005,0.06818181799999999
1996,51.584151,-2.997664,0.1
1997,51.611309000000006,0.52068,0.225
1998,51.647512,-3.3293529000000004,0.0
1999,51.660400700000004,-0.276804,0.0
2000,51.680886,-4.160248,0.3
2001,51.685034,0.002723,0.0
2002,51.6858341,-3.3821421000000003,0.0
2003,51.7174615,8.7754505,0.0
2004,51.734331299999994,0.4690888,-0.12916666675
2005,51.7520209,-1.2577263,0.20833333350000002
2006,51.7868865,0.8287254000000001,-0.4
2007,51.800475,-4.971319,0.125
2008,51.8132979,4.690092900000001,0.0
2009,51.8137073,-0.8094705,-0.5
2010,51.819677,-4.614612999999999,-0.1651785715
2011,51.837394200000006,-9.8983245,0.0
2012,51.8377362,5.8621943,0.30833333350000003
2013,51.8874254,-8.396151800000002,-0.05138888900000001
2014,51.895927,0.891874,0.44285714299999995
2015,51.919438,19.145135999999997,-0.0230278045945946
2016,51.9244201,4.4777325999999995,-0.8
2017,51.9612605,-2.3370229,0.0
2018,52.031519200000005,-2.1498202,-0.2
2019,52.0406224,-0.7594171,-0.2
2020,52.044498,4.4754881,0.2
2021,52.07049779999999,4.300699900000001,0.0
2022,52.09381,4.283494,0.0
2023,52.1306607,-3.7837117,0.17222222222222225
2024,52.132633,5.291266,-0.005720318567567576
2025,52.1332144,-106.67004579999998,-0.09214285725
2026,52.145996600000004,-8.6408917,0.175
2027,52.1668763,1.4744959999999998,0.015625
2028,52.205337,0.12181700000000001,-0.038888889
2029,52.2296756,21.012228699999998,0.061111110999999996
2030,52.2497497,-113.78429799999999,0.06666666666666667
2031,52.273990000000005,104.354069,-0.06025641023076923
2032,52.3555177,-1.1743197,0.00021130952142857295
2033,52.3702157,4.895167900000001,0.059999999999999984
2034,52.3713696,4.8020793,-0.055555556
2035,52.372499499999996,13.6246217,0.35
2036,52.3735254,4.8898075,-0.7
2037,52.3758916,9.7320104,0.06000000000000001
2038,52.380614200000004,-1.4603363999999999,0.15
2039,52.388020000000004,1.648622,0.4
2040,52.39362070000001,-3.4402516000000003,0.0
2041,52.3939179,1.6713736000000001,0.0
2042,52.422650299999994,10.786546099999999,0.4
2043,52.449844999999996,-2.0505259999999996,0.0
2044,52.453800300000005,-1.4862357,0.0
2045,52.454933,-1.9034330000000002,0.0
2046,52.4750743,-1.8298330000000003,0.06249999999999999
2047,52.4823259,13.5309106,0.35
2048,52.486243,-1.8904009999999998,0.059999999999999984
2049,52.4922983,-0.6842333,0.13636363599999998
2050,52.5200066,13.404954,0.08631313120000002
2051,52.526647,13.401189800000001,-0.75
2052,52.576614,-1.543763,0.12222222199999999
2053,52.6219215,1.2391761000000001,0.0
2054,52.6299081,-2.186862,0.35
2055,52.630885899999996,1.297355,-0.005222222233333339
2056,52.63687779999999,-1.1397591999999999,-0.1416122004117647
2057,52.6680204,-8.6304976,0.35
2058,52.7114906,-8.4080296,0.2375
2059,52.734536999999996,-4.065112999999999,0.0
2060,52.84310210000001,-8.985841,-0.125
2061,52.8792745,-2.0571868,-0.10666666699999999
2062,52.939915899999995,-106.4508639,-0.1
2063,52.939915899999995,-73.5491361,-0.0547743055625
2064,52.9410933,-1.1612185,0.8
2065,52.95478320000001,-1.1581086,0.4
2066,52.9817372,-122.4949058,0.012121212
2067,53.0711149,-3.8080782999999996,0.09888888879999999
2068,53.09809920000001,-3.0021193999999998,0.125
2069,53.120619,-1.1234819999999999,0.25
2070,53.1355091,-57.660436399999995,-0.008333333333333333
2071,53.1423672,-7.6920535999999995,-0.11703703705555554
2072,53.163474300000004,6.7563197,-0.1
2073,53.1748548,-1.1871497,-0.15555555599999998
2074,53.2193835,6.566501700000001,0.0
2075,53.2246219,-4.197995,0.19999999999999998
2076,53.2274219,5.9752296,-0.10666666699999999
2077,53.2326344,-2.6103158,0.0
2078,53.258663,-2.119287,0.5
2079,53.266916200000004,-7.0742436,0.0
2080,53.289111,-3.699039,0.4
2081,53.300152000000004,-3.416838,0.1
2082,53.342078,-2.729673,0.13636363599999998
2083,53.349349,-6.260721,0.0
2084,53.34980529999999,-6.2603097000000005,-0.007467532545454555
2085,53.381129,-1.470085,0.04999999999999999
2086,53.39331020000001,-2.1266325,-0.2982142855
2087,53.400092,-1.5111059999999998,0.35
2088,53.40837140000001,-2.9915726,0.07866666660000002
2089,53.4195168,-1.3862894,0.0
2090,53.441827100000005,-2.1862115,0.0
2091,53.4743378,-2.2407281,-0.8
2092,53.4807593,-2.2426305,0.13275362317391307
2093,53.482804599999994,-2.9664987999999997,0.0
2094,53.5434066,-113.50203090000001,-0.15625
2095,53.544389,-113.4909267,0.1366402115833333
2096,53.5510846,9.9936819,0.01599225426923077
2097,53.551772899999996,9.998236,0.166666667
2098,53.5678292,13.2779269,0.0
2099,53.586808,-2.6659639,0.4
2100,53.6126505,12.4295953,0.4
2101,53.64061039999999,-3.0075435,0.2732539682
2102,53.64579200000001,-1.7850351000000002,0.06478174608333334
2103,53.647092,-6.696660499999999,0.6
2104,53.69908100000001,-1.1228683000000002,0.4
2105,53.709807,27.953389,0.2
2106,53.715755099999996,-1.6308292,-0.3
2107,53.719028099999996,-2.0727839,0.022222222199999996
2108,53.72666829999999,-127.6476205,-0.05085227274999998
2109,53.727019999999996,-1.8575400000000002,0.0
2110,53.73354200000001,-114.380707,0.16666666666666666
2111,53.7456709,-0.3367413,-1.0
2112,53.74990989999999,-0.3290125,-0.2
2113,53.7608608,-98.8138762,0.1
2114,53.763225399999996,-2.7044052000000005,-0.2
2115,53.789954,-2.6521470000000003,-0.10666666699999999
2116,53.8007554,-1.5490774,0.20333333339999998
2117,53.8550014,-9.2879257,0.11105324066666666
2118,53.9332706,-116.57650349999999,0.056481962466666674
2119,53.959965100000005,-1.0872979,0.0729166665
2120,53.99150279999999,-1.5412015,-0.057142857000000005
2121,54.006040399999996,61.19336920000001,-0.15555555599999998
2122,54.019373,-0.578892,-0.025
2123,54.046575,-2.8007399,-1.0
2124,54.2193672,9.6961167,0.35
2125,54.2312172,56.1645257,-0.25
2126,54.39043,-7.7603100000000005,0.05
2127,54.4608702,-3.0886254,-0.1
2128,54.52596139999999,-105.2551187,-0.059469697
2129,54.52596139999999,15.2551187,0.15
2130,54.574227,-1.234956,0.0
2131,54.5958552,-5.9220489,0.0
2132,54.597285,-5.93012,0.06818181799999999
2133,54.60119399999999,13.324848999999999,0.4
2134,54.653827,-8.1096143,0.0
2135,54.6871555,25.2796514,0.20833333350000002
2136,54.77525,-1.5848520000000001,0.6
2137,54.7877149,-6.4923145,0.30629251700000004
2138,54.9280556,-1.6448417000000002,0.1
2139,54.9386289,-4.4655586,0.0
2140,54.95268000000001,-1.6034110000000001,0.01818181799999999
2141,54.978252000000005,-1.61778,-0.10666666699999999
2142,54.99409179999999,-1.5964413,-0.5375
2143,54.9966124,-7.308574799999999,0.0
2144,55.13911579999999,-7.5001224,0.2
2145,55.169438,23.881275,0.0
2146,55.378051,-3.435973,0.025311226552
2147,55.40375600000001,10.40237,0.0
2148,55.5485697,-2.7861388,-0.027222222333333334
2149,55.604981,13.003822,-0.1
2150,55.65930329999999,39.848882,0.05
2151,55.676096799999996,12.568337199999998,-0.029523809571428573
2152,55.7520233,37.6174994,0.097222222
2153,55.755826,37.6172999,0.03460453322727273
2154,55.780579,-4.048151,0.0
2155,55.78320920000001,-3.9810968,0.4
2156,55.864237,-4.251806,-0.09398148144444442
2157,55.9519904,-3.1108279,0.03333333333333333
2158,55.953252,-3.1882669999999997,0.24759259258333333
2159,55.9543811,-3.1166093,-0.05
2160,55.9589866,-3.4246644,0.02291377284892086
2161,56.0018775,-3.7839131,-0.4
2162,56.0293936,14.156677900000002,0.4
2163,56.1237904,-3.947428,-1.0
2164,56.130366,-106.34677099999999,0.010203104930875579
2165,56.152958,-3.799375,0.0
2166,56.162939,10.203921000000001,0.4
2167,56.2082078,-3.1495175,0.35
2168,56.26392,9.501785,-0.121169629
2169,56.394994,-3.4308381000000003,0.0
2170,56.49067120000001,-4.2026458,0.1129916125
2171,56.546983999999995,-115.25654890000001,-0.03396464636363636
2172,56.73202020000001,37.166897399999996,0.05
2173,56.7404201,37.173943799999996,-0.15000000000000002
2174,56.879635,24.603189,-0.125
2175,56.936448999999996,24.2872949,0.175
2176,56.94964870000001,24.1051865,0.4
2177,57.149717,-2.094278,-0.05
2178,57.2868723,-2.3815684,0.075
2179,57.477773,-4.224721,0.35
2180,57.7234442,11.767189,0.4
2181,58.410807,15.6213728,0.0
2182,58.4849721,22.6136408,0.1
2183,58.587745,16.192421,-1.0
2184,58.595271999999994,25.0136071,0.1
2185,58.6035321,49.666798299999996,0.0033456486206896604
2186,59.3293235,18.068580800000003,0.21444444433333332
2187,59.3829282,17.9644707,0.5
2188,59.66887760000001,9.6501891,0.2
2189,59.719631799999995,10.835879499999999,0.0
2190,59.85856379999999,17.6389267,0.0
2191,59.8800821,8.6141339,-0.28645833325000003
2192,59.913868799999996,10.7522454,-0.7185185186666666
2193,59.9239946,10.7636297,0.375
2194,60.034369999999996,13.694507999999999,-0.10833333349999999
2195,60.128161,18.643501,0.14208994709090908
2196,60.16985570000001,24.938379100000002,-0.6
2197,60.3912628,5.3220544,0.258928571
2198,60.472024,8.468946,-0.05876647914705882
2199,60.5544444,-151.2583333,-0.0223958335
2200,60.6748796,17.141272600000004,-0.1
2201,60.9277306,25.6626866,-0.03555555566666668
2202,60.98267489999999,25.661209600000003,0.4775
2203,61.1677422,23.8673424,0.0
2204,61.2180556,-149.90027780000003,0.25
2205,61.4067978,21.835669,0.14166666666666666
2206,61.497752399999996,23.7609535,0.13636363599999998
2207,61.52401,105.31875600000001,0.5
2208,61.6981318,-149.2388684,-1.0
2209,61.92411,25.7481511,0.07244268077777777
2210,62.2426034,25.747256699999998,0.2375
2211,62.4113634,-149.07297140000003,0.16666666666666666
2212,62.6010155,29.7635719,0.0
2213,63.17668320000001,14.636068099999997,-0.2
2214,63.825847100000004,20.2630354,0.00714285714285715
2215,64.2008413,-149.4936733,0.1358333333
2216,64.8377778,-147.7163888,0.0
2217,64.96305100000001,-19.020835,0.2
2218,65.2481624,-60.46209770000001,-0.6125
2219,65.2759899,15.335549900000002,-0.06593750000000001
2220,66.7613451,124.12375300000001,0.0
2221,68.4384984,17.4272613,0.125
